USE [community_medicineDB]
GO
/****** Object:  Table [dbo].[Doctors]    Script Date: 02/11/2015 02:47:07 ******/
SET ANSI_NULLS ON
GO
SET QUOTED_IDENTIFIER ON
GO
CREATE TABLE [dbo].[Doctors](
	[DoctorID] [int] IDENTITY(1,1) NOT NULL,
	[DoctorName] [nvarchar](max) NULL,
	[Designation] [nvarchar](max) NULL,
	[Degree] [nvarchar](max) NULL,
	[Specialization] [nvarchar](max) NULL,
 CONSTRAINT [PK_dbo.Doctors] PRIMARY KEY CLUSTERED 
(
	[DoctorID] ASC
)WITH (PAD_INDEX  = OFF, STATISTICS_NORECOMPUTE  = OFF, IGNORE_DUP_KEY = OFF, ALLOW_ROW_LOCKS  = ON, ALLOW_PAGE_LOCKS  = ON) ON [PRIMARY]
) ON [PRIMARY]
GO
SET IDENTITY_INSERT [dbo].[Doctors] ON
INSERT [dbo].[Doctors] ([DoctorID], [DoctorName], [Designation], [Degree], [Specialization]) VALUES (1, N'Dr Atik', N'Professor', N'MBBS', N'Cardiokigy')
INSERT [dbo].[Doctors] ([DoctorID], [DoctorName], [Designation], [Degree], [Specialization]) VALUES (2, N'Dr Masum', N'Ast Professor', N'FRCP', N'Skin')
SET IDENTITY_INSERT [dbo].[Doctors] OFF
/****** Object:  Table [dbo].[Medicines]    Script Date: 02/11/2015 02:47:07 ******/
SET ANSI_NULLS ON
GO
SET QUOTED_IDENTIFIER ON
GO
CREATE TABLE [dbo].[Medicines](
	[MedicineID] [int] IDENTITY(1,1) NOT NULL,
	[MedicineName] [nvarchar](max) NOT NULL,
	[WeightContaints] [nvarchar](max) NULL,
	[MG_ML] [nvarchar](max) NOT NULL,
	[Quantity] [int] NOT NULL,
 CONSTRAINT [PK_dbo.Medicines] PRIMARY KEY CLUSTERED 
(
	[MedicineID] ASC
)WITH (PAD_INDEX  = OFF, STATISTICS_NORECOMPUTE  = OFF, IGNORE_DUP_KEY = OFF, ALLOW_ROW_LOCKS  = ON, ALLOW_PAGE_LOCKS  = ON) ON [PRIMARY]
) ON [PRIMARY]
GO
SET IDENTITY_INSERT [dbo].[Medicines] ON
INSERT [dbo].[Medicines] ([MedicineID], [MedicineName], [WeightContaints], [MG_ML], [Quantity]) VALUES (1, N'Napa', N'10', N'mg', 10)
INSERT [dbo].[Medicines] ([MedicineID], [MedicineName], [WeightContaints], [MG_ML], [Quantity]) VALUES (2, N'Antacid', N'100', N'ml', 100)
INSERT [dbo].[Medicines] ([MedicineID], [MedicineName], [WeightContaints], [MG_ML], [Quantity]) VALUES (3, N'Painkiller', N'30.5', N'mg', 400)
INSERT [dbo].[Medicines] ([MedicineID], [MedicineName], [WeightContaints], [MG_ML], [Quantity]) VALUES (4, N'Orsaline', N'200', N'ML', 500)
SET IDENTITY_INSERT [dbo].[Medicines] OFF
/****** Object:  Table [dbo].[MedicineDoses]    Script Date: 02/11/2015 02:47:07 ******/
SET ANSI_NULLS ON
GO
SET QUOTED_IDENTIFIER ON
GO
CREATE TABLE [dbo].[MedicineDoses](
	[MedicineDoseID] [int] IDENTITY(1,1) NOT NULL,
	[DosePattern] [nvarchar](max) NULL,
 CONSTRAINT [PK_dbo.MedicineDoses] PRIMARY KEY CLUSTERED 
(
	[MedicineDoseID] ASC
)WITH (PAD_INDEX  = OFF, STATISTICS_NORECOMPUTE  = OFF, IGNORE_DUP_KEY = OFF, ALLOW_ROW_LOCKS  = ON, ALLOW_PAGE_LOCKS  = ON) ON [PRIMARY]
) ON [PRIMARY]
GO
SET IDENTITY_INSERT [dbo].[MedicineDoses] ON
INSERT [dbo].[MedicineDoses] ([MedicineDoseID], [DosePattern]) VALUES (1, N'0+0+1')
INSERT [dbo].[MedicineDoses] ([MedicineDoseID], [DosePattern]) VALUES (2, N'0+1+0')
INSERT [dbo].[MedicineDoses] ([MedicineDoseID], [DosePattern]) VALUES (3, N'1+0+0')
INSERT [dbo].[MedicineDoses] ([MedicineDoseID], [DosePattern]) VALUES (4, N'1+1+0')
INSERT [dbo].[MedicineDoses] ([MedicineDoseID], [DosePattern]) VALUES (5, N'1+1+1')
INSERT [dbo].[MedicineDoses] ([MedicineDoseID], [DosePattern]) VALUES (6, N'1+0+1')
INSERT [dbo].[MedicineDoses] ([MedicineDoseID], [DosePattern]) VALUES (7, N'0+0+1')
INSERT [dbo].[MedicineDoses] ([MedicineDoseID], [DosePattern]) VALUES (8, N'0+1+1')
INSERT [dbo].[MedicineDoses] ([MedicineDoseID], [DosePattern]) VALUES (9, N'1+1+1+1')
SET IDENTITY_INSERT [dbo].[MedicineDoses] OFF
/****** Object:  Table [dbo].[Districts]    Script Date: 02/11/2015 02:47:07 ******/
SET ANSI_NULLS ON
GO
SET QUOTED_IDENTIFIER ON
GO
CREATE TABLE [dbo].[Districts](
	[DistrictID] [int] IDENTITY(1,1) NOT NULL,
	[DistrictName] [nvarchar](max) NULL,
	[Population] [int] NOT NULL,
 CONSTRAINT [PK_dbo.Districts] PRIMARY KEY CLUSTERED 
(
	[DistrictID] ASC
)WITH (PAD_INDEX  = OFF, STATISTICS_NORECOMPUTE  = OFF, IGNORE_DUP_KEY = OFF, ALLOW_ROW_LOCKS  = ON, ALLOW_PAGE_LOCKS  = ON) ON [PRIMARY]
) ON [PRIMARY]
GO
SET IDENTITY_INSERT [dbo].[Districts] ON
INSERT [dbo].[Districts] ([DistrictID], [DistrictName], [Population]) VALUES (1, N'Dhaka', 15000000)
INSERT [dbo].[Districts] ([DistrictID], [DistrictName], [Population]) VALUES (2, N'Rangpur', 5040056)
INSERT [dbo].[Districts] ([DistrictID], [DistrictName], [Population]) VALUES (3, N'Rajshahi', 6055668)
SET IDENTITY_INSERT [dbo].[Districts] OFF
/****** Object:  Table [dbo].[Deseases]    Script Date: 02/11/2015 02:47:07 ******/
SET ANSI_NULLS ON
GO
SET QUOTED_IDENTIFIER ON
GO
CREATE TABLE [dbo].[Deseases](
	[DeseaseID] [int] IDENTITY(1,1) NOT NULL,
	[DeseaseName] [nvarchar](max) NOT NULL,
	[TreatmentProcedure] [nvarchar](max) NOT NULL,
	[PreferedMedicines] [nvarchar](max) NOT NULL,
 CONSTRAINT [PK_dbo.Deseases] PRIMARY KEY CLUSTERED 
(
	[DeseaseID] ASC
)WITH (PAD_INDEX  = OFF, STATISTICS_NORECOMPUTE  = OFF, IGNORE_DUP_KEY = OFF, ALLOW_ROW_LOCKS  = ON, ALLOW_PAGE_LOCKS  = ON) ON [PRIMARY]
) ON [PRIMARY]
GO
SET IDENTITY_INSERT [dbo].[Deseases] ON
INSERT [dbo].[Deseases] ([DeseaseID], [DeseaseName], [TreatmentProcedure], [PreferedMedicines]) VALUES (1, N'Eczema', N'inhaler and anti azma drups', N' alclometasone,Histacine,Inhaler')
INSERT [dbo].[Deseases] ([DeseaseID], [DeseaseName], [TreatmentProcedure], [PreferedMedicines]) VALUES (2, N'Diarrhea', N'Give oral saline and minerales', N'Oral Saline,Flazil')
INSERT [dbo].[Deseases] ([DeseaseID], [DeseaseName], [TreatmentProcedure], [PreferedMedicines]) VALUES (3, N'Pain ', N'Give pain killer', N'Pain killer, Napa')
INSERT [dbo].[Deseases] ([DeseaseID], [DeseaseName], [TreatmentProcedure], [PreferedMedicines]) VALUES (4, N'Fever', N'Advocate to take rest and give paracytamole', N'Napa')
SET IDENTITY_INSERT [dbo].[Deseases] OFF
/****** Object:  Table [dbo].[Voters]    Script Date: 02/11/2015 02:47:07 ******/
SET ANSI_NULLS ON
GO
SET QUOTED_IDENTIFIER ON
GO
CREATE TABLE [dbo].[Voters](
	[VoterID] [int] IDENTITY(1,1) NOT NULL,
	[VoterNumber] [nvarchar](max) NULL,
	[Name] [nvarchar](max) NULL,
	[Address] [nvarchar](max) NULL,
	[DateOFBirth] [nvarchar](max) NULL,
 CONSTRAINT [PK_dbo.Voters] PRIMARY KEY CLUSTERED 
(
	[VoterID] ASC
)WITH (PAD_INDEX  = OFF, STATISTICS_NORECOMPUTE  = OFF, IGNORE_DUP_KEY = OFF, ALLOW_ROW_LOCKS  = ON, ALLOW_PAGE_LOCKS  = ON) ON [PRIMARY]
) ON [PRIMARY]
GO
SET IDENTITY_INSERT [dbo].[Voters] ON
INSERT [dbo].[Voters] ([VoterID], [VoterNumber], [Name], [Address], [DateOFBirth]) VALUES (1, N'260922145666', N'ABM Musa', N'Dhaka', N'1924-12-29')
INSERT [dbo].[Voters] ([VoterID], [VoterNumber], [Name], [Address], [DateOFBirth]) VALUES (2, N'260922145777', N'ALi Masud', N'Dhaka', N'1964-12-29')
INSERT [dbo].[Voters] ([VoterID], [VoterNumber], [Name], [Address], [DateOFBirth]) VALUES (3, N'260922145999', N'Saleha Sakil', N'Dhaka', N'1988-12-29')
SET IDENTITY_INSERT [dbo].[Voters] OFF
/****** Object:  Table [dbo].[__MigrationHistory]    Script Date: 02/11/2015 02:47:07 ******/
SET ANSI_NULLS ON
GO
SET QUOTED_IDENTIFIER ON
GO
SET ANSI_PADDING ON
GO
CREATE TABLE [dbo].[__MigrationHistory](
	[MigrationId] [nvarchar](150) NOT NULL,
	[ContextKey] [nvarchar](300) NOT NULL,
	[Model] [varbinary](max) NOT NULL,
	[ProductVersion] [nvarchar](32) NOT NULL,
 CONSTRAINT [PK_dbo.__MigrationHistory] PRIMARY KEY CLUSTERED 
(
	[MigrationId] ASC,
	[ContextKey] ASC
)WITH (PAD_INDEX  = OFF, STATISTICS_NORECOMPUTE  = OFF, IGNORE_DUP_KEY = OFF, ALLOW_ROW_LOCKS  = ON, ALLOW_PAGE_LOCKS  = ON) ON [PRIMARY]
) ON [PRIMARY]
GO
SET ANSI_PADDING OFF
GO
INSERT [dbo].[__MigrationHistory] ([MigrationId], [ContextKey], [Model], [ProductVersion]) VALUES (N'201502051804569_mig1', N'treatment.Migrations.Configuration', 0x1F8B0800000000000400ED1DCB6EE4B8F11E20FF20E89404B36E7BF6B231BA7731638F0746C6E3D969CF24B7862CD16D216AA923A90D3B41BE2C877C527E21D49B22597CEAD146025FDC22592C16AB8A6455B1F89F7FFD7BF9CBF32E729E509A8549BC72CF4E4E5D07C57E1284F176E51EF2871F7E727FF9F9B7BF597E0876CFCEF7A6DE8F453DDC32CE56EE639EEFCF178BCC7F443B2F3BD9857E9A64C9437EE227BB8517248BB7A7A77F5C9C9D2D1006E162588EB3FC7A88F37087CA1FF8E74512FB689F1FBCE826095094D5DF71C9BA84EA7CF67628DB7B3E5AB9798ABC7C87E2FCA4AAEB3AEFA2D0C378AC51F4E03A5E1C27B997632CCFBF65689DA749BC5DEFF1072FBA7BD9235CEFC18B3254637FDE55571DC8E9DB62208BAE6103CA3F6479B2D30478F6634D9905DDDC88BE6E4B394CBB0F98C6F94B31EA927E2BF722D9ED0E31FE76118571E8BB0EDDE7F9459416F5592A9F506DDF386D8D372D5B60EE29FEDE381787283FA46815A3439E7AD11BE7CBE13E0AFD3FA197BBE4AF285EC587282251C5C8E2B2DE07FCE94B9AEC519ABF7C450FFC015C5FBACEA20F6641C369A1C020AA115FC7F98F6F5DE73346CDBB8F50CB270475D67992A28F2846A997A3E08B97E728C5D37C1DA092D20C3254D7778F5EECC93B1403A9D02EFE6FE0601EC7C2EA3A37DEF327146FF3C7958BFF759DABF01905CD971AF637DC16CF6731BF0724EFFBB3F7146ECBB153585C263EA645850B96C0AF282A6B658FE1BE12C413B2C68661BCAB34D97D4D220A125D6F73E7A55B94E381260A95D7C921F535C6708382D00F63241A45BF8E681CE29ACC4824D575C752B216770465090D3F2331E7D7603006AA6963DAA80D3EC1DB6211ADC14A2CD2604D1EDECB45A732858A94E4432D2D4A369C47859AE8CC29956445216B2DA9ABE555D997E1CAB1545FC39F4AAAAF617B3DF52D407E4329781AE97E39A0A7A94A03489C81ACCD23651D17EBCA9A2AFF0F2D7103ED28245DA12CDCC6F5F676F4BEB6291A7F48EB3DF2F1D922FCFB48A3B2DE82698A325FEF00F23EF8A2DF88396FADAF318197F8BA82959E69A169A99ABB4EC5CCA16DDAEE4D144EAFF1543AE7025743D6ABFC307B85EFC900A8DCDE67287D9A48B361924FA86854B63C96DB765AE9C837F803EC74B4B40E8C21A596B45562731294A8C6A6DA86D0501C7CD96AB0C2E4D4D53DCD95B2C345BC2CD9908ABFC3962E6350642A0CA3D39B019BE9F6A6F5FFCF6DBCBE3ADA8EADFD926CFC4E7ECD5F3E864F28B65B143E2763286A48914CBC2C107A681CBD05AA5C818E33D20FB512D3D009658B79F440BB5BD155068ADB9CE134C22427CA774190A22C9B64CF757BF53E4CF3C739648CBF39D05A6369710217612319EADBB3B584A9DF741EA9EAE360225E2C84A9E4ECD78357D77BB516D3C1DC2C34932B7A65745D46C2416C18C7128B3E5D07F40F3115AD76C2461BE079F7BD4DEF363239C73E78220F2DD5FB9F51B87DCC2F9238F7C27241187959BCF9B8B9F934FD300D55DE20AE6023F186F412A807CC0EBA951758E7705BB498C968D94443681B2CD5C2280674908419E66C5FC140AA10FF31CEAE5875F5058C4CA63102CC114D1C4AA06CB4AB09CEF76AD4859BB2B3BE43A35FC4BA25A9723B8F648BA48E4FB26E3493579260646DBFA4B2100C2F7813CB4CC35876CCC738D200E65461BE775996F861890CC7FBC7EC97FBE3FC10078E4EC04145663A9001531C7365B8C77C88DBACDC3F30F454ECA715CAAE1F66BFDFEFEACCA559FB36BE4411CA91F3CEAF222D2FBCCCF702768E313D83FE172C0D282DD8CF8BF036094F49B1516245278CFD70EF451A03A26098C52F1628B79DD32597688FE2427434A67330ACDACE2902CBE8B95C10CCABC2D394BF5ACC6390F39AE6E151594A821487E1F504CB8265F9F451610A2882C58043F9F4B04562028684BD9A100328B8383B2E202CE2EABA5521F65159B19E9E9C9CD10B9001716A1193634CFB520723051D1A32A9F81B892784FB64A209CDCA6B124B8E6F49CA2B224713871F3B8B99015F8A9CF10ABC6F259E8C6F00C21676147428D61EB249D6503838C0485D184927441315E1001C745AC209D1C0B2FF09645362C987265DD5ACDFB100ED7052174FD59B1AAFE87CA236A4E94F286AD3FA9ACE28A01558C66DB04998E569F942A0D6058795B5C446674DE69B10C12552624F24547D65D39E64E991DD8452D608032D43622AA9880D6064D7DB290AA96289C5146605CA66071EDE21031E719A686DBED39813207BB6443C863221F009A27442002DCD7AF6033E01EC31189CED2ABB6DED784529BD6A5DBE2F8AD033CF5BF02D43B5C320AB2DD5343F14A0D728075D3A9DD118524FCCDAD107495D1161E0F5ED554AC0603052006440130383D8FAAB822122AC6170DDDA2B015BEEAF79A0EA4392A439E33D66E0D04BB42240112839AD6A77064B9F4ABFC8A6BC1636EEA4B73A93024248129F13D93820A289CA5D4B5AEC353D21ED28190161148AA6EF8380CC4A33BD40F4E9A44C43FADE17443B91BD5DDDE2CED04A854A80A15C95EE06A411DC5361E9A368FED5340013A323159D80587293EFB8FCC45E9411D18A670D56B307DB5086B200CBD9D1860EBC9876014964664A6D43258F50C432A04230816952691A0CC8C7462BB334135B2DD5EC9604FECD5A2DA008686E1C8B0CB2585796283A363513AB1A3152667722A09CA21D6D5CDD0447E5C17414DB6EF4AC371CDAA9510D34D6A8CF86890A0322BD38DA4BC1A0A363D221C5A9DE6C8AF494D81233F2FE890EF2E16C9D44360525AB02B94275BB67D19609300648092BA040136FD49E5BDBB2E5A2CABC567F582E80146DCB1B6FBF0FE32D91B2ADFEE2ACAB7C6D173FACF55399ED2A188B3EC7D1A7ECB627BCC07B5B449516BC11A0AB30CD8AAB71DEBD5784845D043B4E35E6940E1C779A0E8183383B79CD59A86958FC5F35962558E318396A205778AC45C372D8081605168253E4D3F3222F95DFFDB848A2C32E56B6BDC3B05BDB1F091134080A702CFBAE22017BC811DF5968CB054534C612C4CC11639EEBCFBD1267C88E541A6CD133BDE8F384B839446C7ABEF4A6AA0B0F2061C0410382491F80316765814126DF78DAD5277CB82923B309B1B0203905A19109837AE0C8021D785552A03EA8EA9B3A143AE70F098D2E3B1A86141EAA3478123CC42AB0A5A02DB87E90E9697A6B089CF44604AFCB3CD3D324EDD739D45C1BB2410202E3386038BD243424AC5E81C608CB8C02BDD1955F8E8FA7BBB3D730BCDD1ACE2D781C8631CEB2DB19FB4918900B4038EF658A8D3E57B3D79B4410BAFC192494EEAB3AA42A870609A5FAA2B103ED27C8E0EA9023E3EBDA6E65C5CB953B4A9F7F817663EB2E76C7A0BB576853419040DA8F7A5AAF4DF5402BBFB6E06878456ECCD2601ACAF7A8CF3D320032E5C5DFE8CBD23388207777857BAAA8FDFA3F711A19687DB45816F55743F2F63E8F19CC564756CFF44BD4213277ED49A04CA106A6D59DFA1E8AD5A731997EAE1D1C643FD5D9B595310A063B357EBBB12D596464526F7911442C49B062999AF87C3473DDD9B9ED8C224D40898159046C3ACD64F52F34F3E0CD35657D170170CA629D952A6729B695B259A0707F40BB79F528F7011673BA337E542181ADCD40C038CB010D244264F1B215846504ED75565CEF6F2FD45B5188F64399F3212FFE42E7544FB6D33EBE8BA6128EAA186C3237E6D3AA87B81E17AA982EEC794E890AD67C06C714286C8DD9467A4724CE2CC9821014A748B69FDE8836D69A8C258B72D044D9F45468CF710AC491F31BE366A7ABB4AB7BFDA5FDDDBAD96B17B7FC7934C6E75D55711D4C86A73028FCDDEB972C47BB93A2C2C9FA6F11265FA9099B0A375E1C3EA02CAF72CDB86F4F4F7FA2DE583B9EF7CE165916F452E1C81F3DEBCFDDECCF8E85ED2224CA936392698AEA83B977701D07E879E5FEA36C73EE5CFF6553377BE3DCA6980FCE9D53E79F03BC4F163F79A9FFE8A5BFDB79CFBF97C0337B81C9604AEDD2698F3269F46B06AAB3D6B4B39B36217F2A60C100D04047F7152083F91EEE419E11E75E496A0CDFD9B18447BEA563058AFF5E8E064883A75C0CF845B8BF3478526514AEA15F51293B794D5A87CA49AEDA77DDCCAA6BCE832D76224264DFB702A470AEB6D2CCEA9A7A08D9E39FA25FED1A4DBF7261C732C44B165680E8D72A4CF400F956851532DCF7288681B88114ABCADE96076404CEE7B8CFA77DD86114BE1F6C6742BDD760AD72A93719C6D84788EC3573BF2E30CA64D3D9B54DD4C9ACE709987E3D338E1E421C1023A80F9BF572D854F9A3AE9FA6F601162290F1DE4AB1F4B2DADBA1A72F4B9AD9DE4DCE3603655E1FE724CCE499563E91B42DAD540593A57D8C3585EF889E238BF7A893383019074A83CDF562CF90EA8D9F3462EA44C1F27B6753E6B17E55C9E00C1256CF9D9B7A1E1E03EF318D9A775A83A38E25A3ED143A4C924D908AA99828E3EAFC5A4874AF49DAB75A7CD0A49C24C9CA3DB73A9A87CDA656447A4C752C5AC824AFB6694A6B3E34E63561C3A4DC76B9D9D5925B8AE3B1F4594510642FE85D16173601FFE8A51C9F2DC1F83C9A07BA8EA56C081E51EFBCCA94E1C7778AA313375A642B7FA57B28E9F5B1E33DCB1927F61E3283F75C9CA3B5E488C344C7E415C548D529B64A06E9CE674B6B6EA129874C643E59C272133DF8BA5294CF99945C919707CE413E65D671756E3D9224E37496337AEAFAC99A1991EF8CED9052A862C8576E709FE099AFCCF6D2C47B74BF7D3B23D369BF98D7A3381930BF3B411672B80B3970E2B4C0C0272F1771BA102413057BE9B615706F5D1D61AF60964A7EA27338CF39AF177EBE55490E748514E8BCBE64C931A14E8569D2451D29CC57A508D939AABE73E7859FB29161E656C7B3ECDC1671191ACA2D396BFA75400571B318B28A15F2691040840F161C5946750EE24731E8D173A50FC5058C32A62E150F498A4132A09BCDFB84C39C24C1B9DA3064F6611E0CF0D98BE3485ACEA6289F79DE274C493E94CCF3B710BCFBB5C39167E41CE3DC411C0D11C6CE1CCE26B2160EDD828F8E2523383707B85813A8116A9884DFEC8D637C723DE0D6BB2A266B595D326B4114F7A963E4F7CEAC6D9DEBF821698ECF14464D15265234F7027CA07D97E6E183E7E7B8D8475916C65BD7F9EE45075CE5C3EE1E05D7F1ED21DF1F723C64B4BB8F7AB98D8A23B8A8FF32AB791FE7E5EDBEF8950D31048C66181431EAF1FB4318052DDE579CA04F004471B6AFE3F28AB9CC8BF8BCED4B0BE973426B0808504DBED624718776FB0803CB6EE3B5F7844C70FB96A14F68EBF92FCDC57118887C22FA645F5E86DE36F576590DA36B8F7F621E0E76CF3FFF17A0B0BF34BDAC0000, N'6.1.2-31219')
INSERT [dbo].[__MigrationHistory] ([MigrationId], [ContextKey], [Model], [ProductVersion]) VALUES (N'201502060522102_mig1', N'treatment.Migrations.Configuration', 0x1F8B0800000000000400ED1DDB6EDCBAF1BD40FF41D0535BE478EDE4A53576CF4162C781D138CEC93A69DF16B244AF856AA5ADA435EC16FDB23EF493FA0BA5EEBC0D6FBAAD81C22F5E911C0E873343726638FCEFBFFFB3FCE57917394F28CDC2245EB96727A7AE83623F09C278BB720FF9C34F7F747FF9F9B7BF597E0C76CFCE8FA6DEBBA21E6E19672BF731CFF7E78B45E63FA29D979DEC423F4DB2E4213FF193DDC20B92C5DBD3D33F2DCECE16088370312CC7597E3BC479B843E50FFCF322897DB4CF0F5E74930428CAEAEFB8645D4275BE783B94ED3D1FADDC3C455EBE43717E52D5759DF751E8613CD6287A701D2F8E93DCCB3196E7DF33B4CED324DEAEF7F88317DDBDEC11AEF7E04519AAB13FEFAAEB0EE4F46D319045D7B001E51FB23CD919023C7B575366C136B7A2AFDB520ED3EE23A671FE528CBAA4DFCABD4876BB438CBF5D44611CFAAEC3F6797E11A5457D9ECA274CDB374E5BE34DCB16987B8ABF37CEC521CA0F295AC5E890A75EF4C6F97AB88F42FFCFE8E52EF91B8A57F1218A485431B2B88CFA803F7D4D933D4AF3976FE8413C80EB4BD759D060162C9C160A0CA21AF1759CBF7BEB3A5F306ADE7D845A3E21A8B3CE93147D42314ABD1C055FBD3C47299EE6EB009594E69061BABE7BF4624FDDA11C488576F17F0307F3381656D7B9F19E3FA3789B3FAE5CFCAFEB5C85CF2868BED4B0BFE3B6783E8BF93D2075DF5FBCA7705B8E9DC1E232F1312D2A5CB0047E4351592B7B0CF795209E9035361CE35DA5C9EE5B123190D87A9B3B2FDDA21C0F34D1A8BC4E0EA96F30861B14847E1823D928E83AB271C86B72235154371D4BC95AC21194252CFC8CC45C5C83C318A8668C69A336C4046F8B65B4062BF148833545782F179DCA942A52920F8DB428D9701E156AA333A7549215857A6B49532DAFCBBE1C578EA5FA1AFED4527D0DDB9BA96F09F21B46C1B348D3E5809E662A0D207116B2368F94755C6C2A6BBAFC3FB4C40DB4A3507485B2701BD7DBDBD1FBDAA668FC21ADF7C8C7678BF01F238DAAF716CC5094C57A0790F7C117FD46CC456B7D8D09BCC4D7157AE999169A91AAB9EB54CC1CDAA6EDDE46E1508DA7D23917B81AEABDCA0FB357F8910C80CAED7D86D2A789341B26F9848A4667CBD373DBCE2A1DF5067F809D8E91D6813164D492B14A6C4E820AD5D854DB101A4A802F5F0D569882BAA6A7B95276848897251B52F177D8B2651C8A5C8561747A33603BDDDEB4FEFFB94DD45747DBB1B55F928DDFC9AFF9CBA7F009C5FD16852FC9188A1A5224132F0B841E1A476F812A57A2E3ACF443ADC40C7442D9621E3DD0EE564C9581E63667388D30C989F27D10A428CB26D973DD5E7D08D3FC710E19136F0E8CD658569CC045D84A86687BB69130D14DE7912A1A071BF1E2214C2567BF1EBCBADE9C1653801C9BE69F694DB083F96D58A9D174F398FAA0A483D8709E2A1E7DB60EE870E22AF6DA5A5BEDA8E7DD48930C692BE4736CAC2772F932BDFF0585DBC7FC2289732F2C579891D7D99B4F9B9BCFD30FD352870EE25BB6126F482F817AC0EEE45CB9954D4ECB458B99ACA04D7885B105542F2E63408F4B9861CEF6352CAE1A0125E36CB375575FC06A651B74C09DF9E4B109DA56C09AE06237495DB8293BA33D247411EFE764CAFBB9385B244D9C9C75A399DC9C04231B3B3AB5856078C19B58661AC6EAC77C9C670E604E1DE67B9F65891F96C808DC89DC7E991EE7C738704C22182A32B3911198E2982BC33DE643DC66E5FE81A3A7663FAD5076FD70FB7DBAAB339765EDDBF812452847CE7BBF0ADDBCF032DF0BF839C6F40CE82F581A505AB09F17E16D129E9262A3C48B4E18FBE1DE8B0C06C4C0B00B882C506E3B674B2ED11EC585E8184CE76058B59D330456D173B920985787A71907B89CC7206F38CBC3A3B294022901C39B09560F9615D3478729A090180B0E15D3A32F12133024EC26851840C367DA71016162D7D7AD1AC194DA8AF5F4E4E48C5D802C88538B981A63D6393B1829D8589349C5DF4A3C21DC27134D68565E93580A9C554A5E9179AE04FCD859CC2CF852E6DDD7E0FD5EE2C9391B206C61CF438762ED729B640D85A30DACD48595744234D1110EC0E367249C100D7AF63F816C2A2CF9D0A4EB9AF53B16603D58FAE2A97BF5E3159D4FF48634FD09456F5A5FD31905B402ABB80D3609F33CAD5E08F4BA10B0B291D898ACC9621322B8442AEC8984AAAF6CDA932C3DAAAB55DA1A61A065484E251DB1018CEC663B4529557A6231855981B1D9818777C880479C265A9BEF34E604C89EAD108FA14C086282689D10404BB399FD404C80FE180CCE7695DDB676BCA2945DB52E3F1445E859E42DF89EA1DA6190D5966A961F0AD06B94832E9DCE680CA9276EEDA04132774E3878B4BD4A0B180C4609808C90E260105B7F5D3044C8360CAE5B7B1560CBFDB508547D485234E7BCC71C1C7689D6042803A5A655EDCEE0E953E917D594D7C2269CF45667324008491273221F074434D1B9BCC98ABDA127A41D2527209C4231F47D109079696617089A4EDA34642F9241B493D9DBF52DEE1CAD74A80418CA75E96E411AC9C5179E3E9AE65F430330313A52D14988A536F98ECB4FFCCD1B19AD44D6603D7B701FCA301660353BF6A18328485E42129599D2D850292214B10CE8104C629AD49A060BF2F1E1CF3CCDE4564B3DBB25817FB3564B28029A1BC722832AD695278A894DCDC6AA468C94DB9D4828A769471B5737C15179301DE5B61B33EB8D80767A54038D35FAB361A3C280482F81F6D230E89898744871AA379B323D25B7C48CBC7F62837C045B27994D41CBAA40AE50DDEE59B665028C014AC24A28D0C41BB5E7D6B66CB9A852B9D51F960B20E7DBF2C6DBEFC3784BE480ABBF38EB2A01DCC54F6BF3DC68BB0AC682E638F694DDF68417786F8B98D28237027415A65971D7CEBBF78A90B08B6027A8C69DD281E34ED3217010E727AF390B350D8BFFABC6AA8C6D0223470DE40A8FB568580E1BC1A2C043708A047D5EE4A5EACB24174974D8C5DAB67718766BFB2321820641098E65DF552420851CF19D87B65C3044E32C41DC1C71E6397AEEB5384375A432600BCAF462CE13F2E610B1D9F9329BAA2E3C808401070D48267D00C69C950506997CEB69D79FF0E1A68C4C4FC4C382E41484466620A2C0910526F0AA2C4334A8EA9B3E14368910098D2D3B1A86941EAA0C78123CC46AB0A5A42DB87E90F96EA83504CEA22383D7A5B2A13449FB750E35D7866C9080C0380E180E95D586844515188CB04C51408DAEFC727C3CDD9DBD86E1EDD670DE83C76118E32CBB9DB19F8401B900A4F35EE6ECA0B99ABFDE2483D025E420A1745FF5215549394828D517831D289D7143A8438E8CAF6BBB552F5EAEDC51E6FC0BB41B5B77F13B06D3BD429B5B8204D27E34D37A6DEE0856F9B50547C32B6A639601D330BE4773EE510150292FF1465F95EF4106B9BB2B4CA9A2F6EBB4A711D5F8A9040C221250158E8E090762BF1E8C67CE7210A5ED2690D76374893E44EE2E3F09942B34C0B4BAB34FA1587D1A53A8E6DA2142F659935D61190361B11314B71BDB5246463E51CB9724224A8115CFD4C4E7A399EBCE8EDECFE8D204AC58985DC0A6D34C167D615A046FAE29A35D10C0298E7786EA9CD5F856DA6687C2BD029D16F4A3E807D82CB09D89A316096CFB0C048CE31CD0002345162F5B415846E85E6745FA80F6C27E2F0AB17E2E7B3E14C57798580DC876C6E601D954C2511B834DE6C67E5ACD1037E3421DD3487F9ED3A2426F3E83631634B6C67C23B32398609654410E9A53647072E16EB31873962A8CC21067DB63677F96D3A18E9AE338473E5BA55DDFEB2FEDEFD6915F3BD1D52FBA715EF5AA8AEB603A3C8541E1515FBF6439DA9D14154ED67F8F30FD4A5DD854B8F1E2F001657995CDC67D7B7AF6967916EE789E685B64594025DB51BFD346CFDDEC2FA585ED3224CBC46393CB8AE983BBD9701D07E879E5FEB36C73EE5CFF7553377BE3DCA6980FCE9D53E75F033CA9163F79A9FFE8A5BFDB79CFBF57C0B37B34CA624AFB65001F65D2D807187467AD69D76FDAA4FCA9810507C0001DD3878B2CE67BB83784469C7B2DA9B17C1AA8273CF2F99F5EA0C44FFC1880B4787DC6825FA43B4C8B576046E11AF6E197B293D7A4759834EABA7DD7CD7A752D7863A69F88100F06F402A471B2EEA599F535F510B2273E47BFDA359A7D98A31FCB108F6FF402C43EB061A307C8E7357A21237C426318881B48B1EAEC6D454046E07C81837EDAB72846E1FBC17626CC1313BD552EF38CC418FB0899C566EE071146996C367FB78D3A99F53C01D34FF08282CDE8C46621B3018A608CA08FFA2CC0C366F71F7541B63538F0108124FDBD34159588BF1F7AE6C26998A0DEE6B03450B2F8718ED65C6A6CED234EDBB297EEE112CB8FB148897DDB73241E1F75120726E34099BB858EF119B2D389F35C4C9DDB587D556EECC4768A5B59C79BBFCE22C7F6DCE9B4E7E131F0EAD548F9788D39EA5892F04EA1C314091099308D8992C4CEAF856457B1947DEB851C4DCA498A44E273ABA379D86C6A4564C654C7A2856C5281DB66E11643630DB7B679C4FBA593D7CBC7290FF132671549DCBEA47755A8D904FC6396257DB69CE8F3681EE80699B6657944BDF32AB39C1FDF298ECD35699B29FAF5EEA19437DE8EF72C679D8B7CC8A4E373718ED19223BBD2352EAFE806BF4EB157B248D13E5B2AF61EAA72C8E4EB932559B75184AF2BADFA9C89D4357979E0BCE953664AD7E7D623498CCE666663A78E4E30CD897C676D8794421595BE7283FB04CF7C65B757260B64FBA50D8D5CA774B1A847790263717792CCE970176AE0C47181834F5E5812742149800AF6D2ED2BE0DEBA3AD25EC1CC9AE2E4EC706E76512FE21CB18ABCED1A69DB457DA9127A429D4A53BBCB3AD298AF4A11F273547D17CE8B38CD24C7CCAD8EE7D9B92D123234940F73D694F1800A12665EE4152BE4D42080481F5938B22CF002C48F62D0A3E7771F8A0B3865CC5C541E921483646DB79BF7098739495276BD61A80CC42218E0531DC791689D4FAB3EF3BC4F98467D2899176F214477768723CFC879D18583381A228C9DED9C4FBE2D1D7A0F3E3A962CE6C2BCE5724DA047A8619294F37798F1C9F5805BEFAAA0AC65756DAD05515CD18E914F9D59DB3AD7F143D21C9F198C9A2A5CA868EE05F840FB3ECDC307CFCF71B18FB22C8CB7AEF3C38B0EB8CAC7DD3D0AAEE3DB43BE3FE478C868771F51F9928A23B8ACFF32133B8DF3F2765FFCCA86180246330C8AA8F7F8C3218C8216EF2B41D42700A238DBD78179C55CE64580DEF6A585F42561350404A8265F6B92B843BB7D848165B7F1DA7B4236B87DCFD067B4F5FC97E62A3A0C443D1134D99797A1B74DBD5D56C3E8DAE39F988783DDF3CFFF03658E07FCC2AD0000, N'6.1.2-31219')
INSERT [dbo].[__MigrationHistory] ([MigrationId], [ContextKey], [Model], [ProductVersion]) VALUES (N'201502061515100_mig2', N'treatment.Migrations.Configuration', 0x1F8B0800000000000400ED1DCB6EE4B8F11E20FF20E89404B36E7BF6B231DABB98B1C70323E3F1ECB467929B21B7E8B610B5D491D4869D205F96433E29BF10EACD57F1254A6A07812F6E912C168B5545B258ACFACFBFFEBDFCE5791B7B4F28CBA33439F34F8E8E7D0F25EB348C92CD99BF2F1E7EF8C9FFE5E7DFFE66F921DC3E7BDFDB7A3F96F570CB243FF31F8B6277BA58E4EB47B40DF2A36DB4CED23C7D288ED6E9761184E9E2EDF1F11F1727270B8441F81896E72DBFEE9322DAA2EA07FE799E266BB42BF6417C9D8628CE9BEFB8645541F53E075B94EF82353AF38B0C05C51625C5515DD7F7DEC55180F158A1F8C1F78224498BA0C0589E7ECBD1AAC8D264B3DAE10F417CFBB243B8DE4310E7A8C1FEB4AFAE3B90E3B7E540167DC316D47A9F17E9D610E0C98F0D65166C732BFAFA1DE530ED3E601A172FE5A82BFA9DF9E7E976BB4FF0B7F3384AA2B5EFB17D9E9EC759599FA7F211D3F68DD7D578D3B105E69EF2EF8D77BE8F8B7D86CE12B42FB2207EE37DD9DFC7D1FA4FE8E536FD2B4ACE927D1C93A862647119F5017FFA92A53B94152F5FD18378005717BEB7A0C12C58381D1418443DE2ABA4F8F1ADEF7DC6A805F731EAF884A0CEAA4833F41125280B0A147E098A0265789AAF4254519A4386E9FAF63148027587722035DAE5FF2D1CCCE358587DEF3A78FE84924DF178E6E37F7DEF327A4661FBA581FD0DB7C5F359CEEF1EA9FBFE1C3C459B6AEC0C1617E91AD3A2C6054BE0571457B5F2C768570BE21159E38E63BCCB2CDD7E4D6306125BEFEE36C836A8C0034D352AAFD27DB63618C3350AA3759420D928E83AB271C86B72235154371D4BC55AC21154252CFC9CC45C5C83C318A8668C69AB36C404EF8A65B4062BF148833545782F17BDCA942A52920F8DB428D9701E156AA333A754923585066B49532DAFCBBE1C578EA5FA5AFED4527D2DDB9BA96F09F2778C826791A6CB013DCD5472207116B2368F94F55C6C2A6BBAFCEF5AE21CED28145DA13CDA24CDF676F4BE36191A7F48AB1D5AE3B345F4F7914635780B6628CA62BD03C8BBF345BF1573D15ADF60022FF14D85417AA68366A46A6E7B153387B6E9BAB7513854E3A974CE39AE8606AFF26EF60ADF5307A8DCDCE7287B9A48B361924FA86874B63C03B7EDACD2516FF01DEC748CB40E8C21A3968C55627B1254A8C6B6DA1DA1A104F8F2D5608529A86B7A9AAB644788785572472AFE1E5BB68C4391ABE046A7B703B6D3ED6DEBFF9FDB447DF5B41D5BFBA5F9F89DFC5ABC7C8C9E50326C51F89C8EA1A8214532F1B240E8A171F416A872253ACE4A3F344ACC4027542DE6D103DD6EC55419686E73DC6984494E94EFC23043793EC99EEBE6F27D94158F73C898787360B4C6B2E2042EC2563244DBB38D84896E3A8F54D138D888170F612A39FB751F34F5E6B49802E4B86BFF99D604EBECDE86951ACD6B1ED33B28E920EEB89B2A1E7DB60E78E1C4551CB4B5B6DA51CFBB912619D256C8E7D8584F74E5CBF4FE67146D1E8BF3342982A85A61465E67AF3FDE5D7F9A7E98963AD4C9DDB29578437A09D4037627E7FA5AD9E4B45CB698C90ADABA57185B40F5FC321CDEB84439E6ECB586C555C3A1649C6DB6EEEA0B58AD6C9D0EB8339FDC3741DB0AD8105C7C4DD214DE559DD1372474117FCFC9940FBBE2EC9034B9E46C1ACD74CD4930B2F145A7B610B817BC8965A665AC61CCC7DDCC01CC396823575BD72C367365C379377425064336756DFBE9EEDD73D43472CC8BD0ACBFCBF3741D55C80B2E91B953128DFD8724F44CFC56EA01B1FE30786C980DA21D9E78DCE6CCFF034725CD7E3A55DCF7C39DF2E8AE4E7C96976E920B14A30279EFD6B5C3EE7990AF8390976C4CCF90FE82D90F65E53C0731DE1C63412CB7C73CAF46C93ADA05B1C1801818766EB025CA5DE76CC905DAA1A4E45183E9748655D7394360153D970B827975789A717B90F318E403C1F2F0A82CA5404AC0F06682358065C5F4D1610AC811CA8243C5F4188AC4040C095F8E430CA07153DE730171B1A2AF5B355C68B515EBF1D1D109BB005910A7113135C6EC95BC3352B01E46938ABF957842B84F269AD0ACBC26B1145C512A7945765F29E0C7DE4E6AC197329F0E0DDE1F249EDC1513842D7CDFD4A3D85CB44EB286C23E2656EAC24A3A219AE8080770CF6B249C100D06F63F816C2AEE6FA049D7BDCCE95980BDB7D4174FDD073FAFE87CA237A4E94F287AD3FA9ACE28A0ED5FC56DF04500CFD3EA8540AF0B012B1B898DC99A2C361C834BA4C28A4CA8FAFA266392A547F5A04E5B23385A86E454D2111BE06AC56CA728A5CA402CA6302B30965AF0F00E996D89D34467E99FC69C00DD6228C4C39509414C10AD130278BF60663F1013603806CED9AEB6DB36D7ED286357AD8BF765117A16DD117DCB5163A5CF1B9B30CB0F25E8152AC08BBCDE680CA9276EEDA041322F8D3878B4BD4A0B180C460980F48BE360105B7F5D3084A33E0CAE5F7B1560ABFDB5085473485234E77C063838EC12AD0950064A4DABE6128BA74FAD5F5453DE089B70D23B9DA93990F27A453698FAA68B014688A598AD795732A289CEFB5F5687185EAB74A3E5A48DD34E86172904645E35B0AB0D4D276D1AB26F1121DAC98CF7FAE67B8E563A5402ACEEBA74B7208DE4ED144F1F4D5BB2A13599181DA93525C452DB8FC7E527FEF1968C5622D3B29E717908651873B29A1D87D041F4CE42421295CDD3D8EA292214B1A6E8104C62E7D49A060BF2F11EF43CCDE426503D2328817FBBF04B2802DA2EC72283CA5D9A278A8981CEC644478C94DBEA4828A769941B5737C18E9D301DE5862033539080767A54032D3FFAB361A3C200674181F6D2B00E99D88748716A76AE323D2537EB8CBC7F62FDC4045B27998142CB4441AE50FD565CB665022C0B4AC24A28D03A2F7587E0AE6CB9A8A301361F960B206CE0F23AD8EDA2644384116CBE78AB3A86E0F90F2BF3F07ADB1AC682E638F6C8DEF58417F8608398D292374274196579F95C33B80FCA33C879B81554E38EFCC0B1A7ED1038D5F393D79E87DA86E5FF756355D03F81C5A4017289C75A36AC868D6051E02178658CC7200E32F57BA4F334DE6F136D433E0CBB3324921041EBA204C7AAEFDA9994428EF8CE435B2E18A27166256E8E385B1F3DF75A9CA13A5219B00565C731E709797388D8EC7C994D55EF6B40C2803D102493EE803167650127936F3DEDFA13EE6ECAC808573C2C484E416864102B0A1C596002AF0E544583AABFE94361E35091D0D8B2836148E9A1CA8027C143AC065B4ADA82EB071932895A43E0404C32787D34244A93745FE750739DFF070908740A81E150819148585481C108AB2817D4E8AA2F87C7D3FDD9CB0D6F7756F8013C0EC31867D9ED6F0E4818D07D8274DE2B733DCDD5BC015F06A18FE94242E9BFEA43AAE3BA9050EA2F063B503A688B50871C185F3776AB41BC5CDF6D99F32FD06E6CDDC5EF184CF70A5D78121248F7D14CEB75E14758E5D7151C0CAFA88D59064CC35C649A738F0A804A798937FAAA902132C8FD73734A15755FA73D8DA8C64FC5F0109180AA70704CE888FD06309E39CB4194B69B405E8FD125FA10B970102450AED000D33AEC038562FD694CA19A6B8708D9674D7685954385C54E50DC6E6C4B19E946452D5F12F72A05563C53139F0F66AE7B3BFA30A34BEBFD626176019B4E3359F49B7B11BC039B32DA81C8C9DA511D55ECD70F717395D66FDFB38BF4BEF8ADBC741AC9D7EAEC31AC2B987E12E97B24E028CEDF68EB1CB8F956DAB6A3F28E0C3AF2E9BFAB70B0E3633B13FBB112D80E1908E8D9EBD08A264516EF3DC2A8F2D9BECACBC80D5DB0844114622F2BEDF950E4A46362FA21DB19DB78645309BBDE389BCC3BFB693543DC8C0B75EC5BC3794E8B0A83F90C763CD158A3F84666E768C12CA93C5534A7C8E0F8C9BD6F32E62C952F8C21CEB6B683E12CA7431D35C771DE186C956E7D6FBE74BF3B6F8CC613429DD991738DA8ABF81EA6C35314966E11AB97BC40DBA3B2C2D1EA6F31A65FA50BDB0AD741123DA0BCA8030AF96F8F8F7F62D2431E4EAAC6459E8754BC2375BE467AEE66CF981875CB902C08924D4C3BA60FEEADCB5512A2E733FF1F559B53EFEA2F774DB337DE4D86F9E0D43BF6FEE920B562F21464EBC720FBDD3678FEBD029E5DF2388B291D96096094496313B1E8CE5ADB6ED8B449F953030B0E80013AA609CC2CE6DB5D2EB111E75E4B6A2C53840D8447A6011B044A9CEACB00A445162A0B7E91EE302DB2418DC2356C02A8AA93D7A47598740ABA7D37CD06752DC835354C4488C4218300699CAC0769667D4DED42F6C4E7E857BB46F74E172E588648C23308109B68C7460F9069760621234CA5E306E21DA45875F6B622202370BEC0CB62DA9C34A3F0BDB39D09936A66B0CA65D2C98CB18F90596CE64E8C32CA64B371FC6DD4C9ACE709987E824C2A36A3139B85CC06288231823E1AB200BBCDF231EA826C6B70E02102C93A06692A2A21C730F4CC85D3305185CD61C951D288718ED65C887CED234ED77290EEE1124C8CB148891D14E6484030EA248E4D46D85960CE30FA23999CB8C8F90E28EA283ABED0D560860890E2F02F53C70F57BF201D3B78A4E2B1E2E1C688B488633F77C8FA79780C7C91A86F4B1F97A30E25D0F5143A4C116494717C992810F3FC5A48F64251D9B79E13D7A49CA408D63FB73A9A87CDA65644664C75285AC826DCBE6DA47B3134D6146E1BAB7F58CA06BD98B772A7397356913C6791F4AE72DE9B807FCC3211CC9677601ECD033DACD4B6D58FA8775E652681C33BC5B1F15C25A15EFF47F750CA87A0877B96B38EF7EF32B0FF5C9C63B4E4C85E3A8ECB2BBAEEC453EC952CD220CC96EE6080AA7499E060B24406368AF075A52E98335981262F3BCE4D306536027D6E3D90E4036CC04276EAE8F8EB9CC8F7D6764829D47EFE677E789FE299AFEDF6CA189A6CBFB4A191EB942E16F5288FEB2DEE4E929D00EE420D9C382E70F0C92760822E247181C15EFA7D05DC5B5F47DA2B1870569C0001CE7F20EA451C3A59911B41233582A82F559C5BA85369FA0459471AF3552B427E8EEAEFC27911475FE598B9D3F13C3B7745428686C2C44AD33228B332C8E8D4E47560BA9B337103A0F184F14F793D0EDDA11040A479530E2C178300F18318F4E859165C7101A7FB9997E62E49E1247782DDBC4F38CC495223E80D43658F16C100B3EF1C46BA033EB9C1CCF33E61320357322FDEB1881E5DBB23CFC8D90984833818228C9D73800F812F1DFA003E3A945C02C2EC01724DA0472837A902F847E8F8A0BCC7ADB7B50FD8B27E77D88128DFD827684D1D91BB3A57C943DA9ED6198CDA2A9C735C1184F8FCFC2E2BA287605DE0E235CAF328D9F8DEF720DEE32A1FB6F728BC4A6EF6C56E5FE021A3ED7D4C452D2B4FFCB2FEAB7C0834CECB9B5DF92B7731048C661496CF1692F7FB280E3BBC2F056EBB0088D294D0B80196735994EE809B970ED2E794D51010A0867C9D05E4166D77310696DF24ABE009D9E0F62D479FD02658BFB4B1046020EA89A0C9BEBC88824D166CF30646DF1EFFC43C1C6E9F7FFE2F5AA104D38BB30000, N'6.1.2-31219')
INSERT [dbo].[__MigrationHistory] ([MigrationId], [ContextKey], [Model], [ProductVersion]) VALUES (N'201502061706494_mig2', N'treatment.Migrations.Configuration', 0x1F8B0800000000000400ED1DCB6EE4B8F11E20FF20E89404B36E7BF6B231DABB98B1C70323E3F1ECB467929B21B7E8B610B5D491D4869D205F96433E29BF10EA4D912CBE25B583C017B748168BC56291AC2A56FDE75FFF5EFEF2BC8DBD2794E5519A9CF92747C7BE8792751A46C9E6CCDF170F3FFCE4FFF2F36F7FB3FC106E9FBDEF6DBD1FCB7AB865929FF98F45B13B5D2CF2F523DA06F9D1365A67699E3E1447EB74BB08C274F1F6F8F88F8B939305C2207C0CCBF3965FF749116D51F503FF3C4F9335DA15FB20BE4E4314E7CD775CB2AAA07A9F832DCA77C11A9DF9458682628B92E2A8AEEB7BEFE228C078AC50FCE07B4192A44550602C4FBFE568556469B259EDF08720BE7DD9215CEF218873D4607FDA57571DC8F1DB72208BBE610B6ABDCF8B74AB09F0E4C786320BBAB9117DFD8E7298761F308D8B9772D415FDCEFCF374BBDD27F8DB791C25D1DAF7E83E4FCFE3ACACCF52F9886AFBC6EB6ABCE9D802734FF9F7C63BDFC7C53E436709DA175910BFF1BEECEFE368FD27F4729BFE152567C93E8E495431B2B86CF0017FFA92A53B94152F5FD1037F005717BEB7188259D0703A2830887AC45749F1E35BDFFB8C510BEE63D4F109419D559166E8234A50161428FC121405CAF0345F85A8A234830CD5F5ED639004F20EC5406AB4CBFF5B3898C7F162F5BDEBE0F9134A36C5E3998FFFF5BDCBE81985ED9706F637DC16CF6739BF7B24EFFB73F0146DAAB153585CA46B4C8B1A17BC02BFA2B8AA953F46BB7A211E9135EE18C6BBCCD2EDD734A620D1F5EE6E836C830A3CD054A1F22ADD676B8D315CA3305A4709128D625847340E714D662492EABA63A9588B3B82AA84869F9398F36B301803D5B4316DC5069FE05DB188D660251669B0260FEFE5A2179942414AF2A19614251BCE23424D64E69442B2A690B594D495F2AAECCB70E558A2AFE54F25D1D7B2BD9EF816207F4709781AE9613920A7A94A0E569CC15A9B6795F55CACBBD654F9DFF58A7374A2907485F2689334C7DBD1FBDA6468FC21AD76688DEF16D1DF471A95F5114C7329F3E50EB0DE9D6FFAED32E7EDF50D26F016DF54B092331D342D5173DB8B9839A44DD7BD89C019349E4AE69CE36AC87A97777356F89E3A40E5E63E47D9D344920D937C4241A372E4B13CB6D342477EC07770D2D1923A30869458D21689ED4D50221ADB6A778484E2E0CB56830526A7AEEE6DAE5A3B5CC4AB923B52F0F7D8D2650C8A4C053732BD1DB0996C6F5BFFFFDEC6EBABA7EDD8D22FCDC7EFE4D7E2E563F48412BB4DE1733A86A08604C9C4DB022187C6915BA0C815C83823F9D008310D9950B598470E74A7155D61A078CC71271126B951BE0BC30CE5F92467AE9BCBF751563CCEB1C6F88703AD3D965E4EE0266CB48686FA6CADC5346C3ACFAA1AE260B2BC580853ADB35FF741536F4E8D29408EBBF69F6955B0CEEC36F4AA5134F3E8DAA08483B8632C552CFA741DD0E0C454B43A5A1B9DA8E73D48930C69BAC8E738584F64F2A57AFF338A368FC5799A144154ED3023EFB3D71FEFAE3F4D3F4C4319EAC4B66CB4BC21B904CA01B39B736D56D6B92D972D66D282B6EE15DA1A5035BF0C87169728C79CBD56D0B82A38948C73CC56DD7D01AD95A9D30173E713FB26286B011B82F3CD244DE15DD5D9D042322C62ED9C54B99D89B34352C7C8D9349AC9CC4930B2B6A1537911B85F7813AF9996B1EC988FB1CC01CC69C67C284741AE778E6BDACCC47A75E7469CD7379D8CF1EA2E27518974577AFC7D8D424CFCD1BBFC92A10794A190B06538ED51FB3E522B890DEE2465C379EF252506367793B6FD74EE23396A1A4D34EBEFF23C5D4715F21C5F08E6B23FC4FE43127A3AEE57F58068B72E3C36CC06D10E4F3C6E73E6FF81A192623FDD89A2EF8751560CBB3AF1695EBA492E508C0AE4BD5BD77EE7E741BE0E4276D5627A86C32F5FAB759B94DEF1F88E87F793F296C7F26A94ACA35D106B0C8882C1E578A937778972D7395D72817628297954633A9D61D5754E115846CFE582605E159EA6BC77C43C06B9F2D03C3C2A4B4990E230BCDEC2B260593E7D549802F2E733E0503E3D6C91988021611F0F8801141C3E7A2E20EC83EAB255C1135C59B01E1F1D9DD01B9001719A2526C798F62C71460ADA516ED2E56FB43C21DC275B9AD0ACBCA665C9B1B44B79456476E7F063AFEE37E04B916B9202EF5B2D4FC6520A610B9B4D7B141B7F8149F650D855CA485C18AD4E88262A8B037057D05A9C100D2CFB9F606D4ACC90D0A4ABDA247B16A0CDEFEACB53F5DDDA2BBA9FA80D69FA1B8ADAB4BEA63B0A68C292711B6CCF62795ABE11A875C16165AD65A3B327F3ED1FE01629318610A2BE36C84DB2F5C8DE852A4B0447DB90984A2ACB06B010EA9D148554B1C4620AB5026570002FEF90F581B84D7406AB69D40990314EB23C5CA910F80451BA218066323DFD019F00F6183867BB5A6FDB788DA08CDEB52EDE9745E89967EAFC96A3464B9F373A619A1F4AD02B5480F6E85E690C892766EF1882A41ECC31F086FA2A256030182900D2BD9381411CFD55C110361A185CBFF74AC056E76B1EA8E6922469CEB8BE3070E82D5A11A008949C568D2D96A54F2D5F6453DE2C36EEA477325306A4B6187261B4B65A455A94161A113D6A6319058C58D9FC95C13A55124D545EC2D36248D332D38D9659B08C80D3B4C5109059E9426F58433A29D3907E950BD14EA4FF57B70030B452A112A0B857A5BB016904AF0859FA28AAA33515D2C4E848C12B20965C053D2E3FB1CF1845B4E269A7D5F4D33694A134D27276B4A103EFC591802432B5A9B6E2944728625B5221984055AA340D06E463DF92B034136B51D5F4A804FEEDD941401150FD391619640F0758A2E8E8F84CB47CC44899D39280728A7ABD716513ECE20CD351AC4BD2D3267168A746355079A43E1B26220C709BE5482F0505938E8A895C4ECDE15724A7C49AA191CF4FB4C724E7E824D271286939C81DAA3FCD8B8E4C8072424A5801055AFFA7EE1EDD952D17755CCCE6C3720104D05C5E07BB5D946C88809ACD176F5547D33CFF61A51F68725BC3580C398EBEF5773DE10D3ED820AAB4E48D105D46595E3E5C0EEEAB0BCD79B8E55463B406C0B5A7ED10500CB093D7DE87DA86E5FF756359F84B8ED2A5017289C75A36AC868DE0A5C042F0CA68A7411C64F29779E769BCDF26CAB6001876A78B2421820A4A018E55DFB57BEB0039E23B0B6DB9A088C668A6983962D485C3B957E20CD9954A832D06AA207D9E103787884DCF97DE54F5EE0A240CD8894130E90E187356167032F9C6D3AE3EE1EEA68C8CF5C6C282D629088D0CE736004716E8C0AB43B60D41D5DFD4A1D011D9486874D9C130A4F052A5C193E02556812D056DC1FD830C1E36D843E0906422787D5CB08124E9BECE21E63A17121210E85702C319840823610D0A344658C57B198CAEFA72783CDDDFBDDCF076A7C8B7E07118C638DB6E6F7C2061402609E1BC57EAFA2157B30A7C11843EBA1109A5FFAA0EA98E704442A9BF689C4087E18BB832E4C0F8BAD15B59F1726D1ED3E75FA0DDD8B28B3D31E89E15BA403D2490EEA39ED4EB02F1D0C2AF2B38185E912BB3349886B285EA738F0C804C78F10FFAB2E03922C87DE0858128EABE4E7B1B918D7F10CD864782418583634247EC67C178FA2C0751DA6C025939362C5187C80446218132851A98D601500628D69FC65C54739D1021FDACCEA9B0F2C9303809F2DB8DAD29233DB106DB97C0434B8215CBD4C4E78399EB5E8F6EA774691D680CD42E60D369266B187D8207EFD0A6ACF541B29BB1C65DC960C2A0960285541BD9815247F1634528C0E24C16596070D121C232706F3B44B93A744E04061238A7F860B86CE8A6E6E484525D88CD4F29FCE6B2B3451B788177BAE0077510B21F195681BEEC7705D34FE2D05A09287C58BF0915B50EDB4A5943595A62A1F5A6FE00C8C1BD82EE8CEF704D606B3310D005DDA1AE56882C3EE18651F5B8E02A2F438C74513DAC28449BC4CDF990E70AA6A36024DB696B124553093B78399BCC3BF369D5435C8F0B55B4A8F63CA744056B3E83DD9B14F628B6919EB686334B327F28C529D25072300FF1B4394BE671A589B3A986CA9EE554A823E738C6E787AED2EDEFCD97EE77E7F3D3F8DBC833E9320E387515DFC374788AC2D2F966F59217687B5456385AFD2DC6F4AB64615BE13A48A207941775E42BFFEDF1F14F543ADEC3498DBBC8F37010984B9E1F773877B367A88DBA6D4814ADCB248628D507F328EB2A09D1F399FF8FAACDA977F597BBA6D91BEF26C37C70EA1D7BFF7490CA36790AB2F56390FD6E1B3CFF5E02CF2C59A7C194DA655E1965D2E8C457AAB3D6B6B39B36217F2A60C100D040473761A4C17CBBCBDD38E2DC2BAD1AC3948C96F0C8B48B56A0F8A91535401A64FD33E017E109D320FBDE285C4327DCAB3A794D52874A5FA3DA77D3CCAA6B4E6E3FBB2542246AB202A470B3B692CCEA92DAC5DAE3DFA35FED1EDDBBF6B8601922E99915203AB199891C20D39A59214339F8B8847807095695B32D0FC8089CCFF1E5993607D8287CEFEC6442A5F6B216B954FAAE31CE11228DCDDC89A846996C3A6F8A893899F53E01D38F93B9CA64747CB590DE007930469047361BB0DBAC4AA36EC8A60A071622901CC94A520D1220D9A1A7BF38351303995C961C25E919E76ACDA42451BEE2742DAD640F93D0678C4D8AEF063347C2975127717432F29C53A6CF5D320E0DD974256E8EE55FE894245660C1B423639EED58E79039F37B8CA46264527A38A0A8A3B41D5CD7921942D3F2834A4D9DD840FE2EDDC046E599E6DD7855C16B0D126CCC9D4B631E1E03DF39ABDB4EC6E5A84389C03F850C93443FA61C9D268A103FBF1412BD7B96F6ADE6B437292749B288CC2D8EE661B3A905911E531D8A1432C903629A82830F8D367D982611B1CB25A3168C5BEC24A9CF2A82477282DE65CE9A13F08F5E8A94D912A2CC2379A0E7DACAB69911E5CEAB4C717278B7383AD0342750F2FFF84D4EFABCFC70EF72C689485C661C998B73B4B61CD1FBE9717945D57D7C8AB392417E96D9F2B058884A97995726CBB06222085F574E9539B3A828F2B2E3A42953A64951E7D603C98A428741A5A7AE7910C4DF7255F29DD4EF3ACEFCF03EC5335FEBEDA59179E97E878A46A6D36131AF4771B6007E7782B429701772E0C47581814F3EF9E3742188360EF6D29F2BE0DEFA3AC25EC107DCFCCC2C7062165E2FFC80EC92A42D0A395B787DC9A267439D0AF3BA883A5298AF5A10B273547FE7CE0B3FA633C3CC9D8C67D9B92BE23234147C1ACA17234A17C3EDA04B33A348FFDA13159C83BA58340F4D361AAABB39D3CD0012951BB599DD27201B0D01449830EAC032C870103F88418F9E1BC61517307B0B15B9C025299C647C319BF7098739494217B561C8F4DD3C1860DAB1C348D2C2A6649979DE274CC1E26ACDF34F44BC47FCEEC833724E15EE200E860863674A61137708876EC147879201859BF3442C09D408E526C1091BD4005FC4F7B8F5B6F6315BD6EF583B1065CC8604AD0757F0AECE55F290B6DA000AA3B60AE37C570421BE9FBFCB8AE82158D77E8C791E251BDFFB1EC47B5CE5C3F61E8557C9CDBED8ED0B3C64B4BD8F07B1164B8D82A8FF2A8BCB10E7E5CDAEFC95BB180246330ACB6730C9FB7D14871DDE971C37700044A9AA68DC0CCBB92C4A77C3CD4B07E9734A4B08085043BE4EC3728BB6BB1803CB6F9255F0844C70FB96A34F6813AC5FDAD8143010F9440CC9BEBC88824D166CF30646DF1EFFC43C1C6E9F7FFE2F41F1EAE34BBB0000, N'6.1.2-31219')
INSERT [dbo].[__MigrationHistory] ([MigrationId], [ContextKey], [Model], [ProductVersion]) VALUES (N'201502061710110_mig2', N'treatment.Migrations.Configuration', 0x1F8B0800000000000400ED1DCB6EE4B8F11E20FF20E89404B36E7BF6B231DABB98B1C70323E3F1ECB467929B21B7E8B610B5D491D4869D205F96433E29BF10EACD57F1254A6A07812F6E912C168BC5225955ACFACFBFFEBDFCE5791B7B4F28CBA33439F34F8E8E7D0F25EB348C92CD99BF2F1E7EF8C9FFE5E7DFFE66F921DC3E7BDFDB7A3F96F570CB243FF31F8B6277BA58E4EB47B40DF2A36DB4CED23C7D288ED6E9761184E9E2EDF1F11F1727270B8441F81896E72DBFEE9322DAA2EA07FE799E266BB42BF6417C9D8628CE9BEFB8645541F53E075B94EF82353AF38B0C05C51625C5515DD7F7DEC55180F158A1F8C1F78224498BA0C0589E7ECBD1AAC8D264B3DAE10F417CFBB243B8DE4310E7A8C1FEB4AFAE3B90E3B7E540167DC316D47A9F17E9D610E0C98F0D65166C732BFAFA1DE530ED3E601A172FE5A82BFA9DF9E7E976BB4FF0B7F3384AA2B5EFB17D9E9EC759599FA7F211D3F68DD7D578D3B105E69EF2EF8D77BE8F8B7D86CE12B42FB2207EE37DD9DFC7D1FA4FE8E536FD2B4ACE927D1C93A862647119F5017FFA92A53B94152F5FD18378005717BEB7A0C12C58381D1418443DE2ABA4F8F1ADEF7DC6A805F731EAF884A0CEAA4833F41125280B0A147E098A0265789AAF4254519A4386E9FAF63148027587722035DAE5FF2D1CCCE378B1FADE75F0FC09259BE2F1CCC7FFFADE65F48CC2F64B03FB1B6E8BE7B39CDF3D52F7FD39788A36D5D8192C2ED235A6458D0B5E815F515CD5CA1FA35DBD108FC81A771CE35D66E9F66B1A3390D87A77B741B641051E68AA517995EEB3B5C118AE5118ADA304C94641D7918D435E931B89A2BAE9582AD6128EA02A61E1E724E6E21A1CC64035634C5BB1212678572CA3355889471AAC29C27BB9E845A65490927C682445C986F388501B9939A590AC2934584A9A4A795DF6E5B8722CD1D7F2A796E86BD9DE4C7C4B90BF63043C8B345D0EC869A692831567B1D6E659653D179BAE355DFE77BDE21C9D28145DA13CDA24CDF176F4BE36191A7F48AB1D5AE3BB45F4F7914635F80866B894C5720758EFCE37FD76998BF6FA0613788B6F2A0C92331D34235173DB8B9839A44DD7BD8DC0A11A4F2573CE7135347897777356F89E3A40E5E63E47D9D344920D937C4241A373E419786C67858EFA80EFE0A4632475600C19B1642C12DB9BA04234B6D5EE080925C097AF060B4C415DD3DB5CB5768488572577A4E0EFB165CB3814B90A6E647A3B603BD9DEB6FEFFBD4DD4574FDBB1A55F9A8FDFC9AFC5CBC7E80925C33685CFE918821A1224136F0B841C1A476E81225722E3ACE44323C40C6442D5621E39D09D564C8581E631C79D4498E446F92E0C3394E7939CB96E2EDF4759F138C71A131F0E8CF6587639819BB0D51AA2F5D9468B896E3ACFAAA271B0595E3C84A9D6D9AFFBA0A937A7C61420C75DFBCFB42A5867761B76D5689A794C6D50D241DC71962A1E7DB60E6870E22A0E3A5A5B9DA8E73D48930C69BBC8E738584F64F2657AFF338A368FC5799A144154ED3023EFB3D71FEFAE3F4D3F4C4B19EAC4B66CB5BC21B904CA01BB9B736D5636B92D972D66D282B6EE15C61A503DBF0C87169728C79CBDD6D0B86A38948C73CCD6DD7D01AD95ADD30177E793FB26686B011B828BCD244DE15DD5196D21A18B783B27533ECCC4D9216962E46C1ACD64E62418D9D8D0A9BD08DC2FBC89D74CCB58C3988FB3CC01CC69C77C2847416E768E6BDACCC47A75E7569CD7379D8CF1EA2EE739C375777CFC7D8D423C1BD3E3F025430F28432161ED181705E32B4CAD57B6B8C6940DE7BDCA94180CB9CEB4EDA7F338C951D3C8B1148666FD5D9EA7EBA8425EE03EC1E90768EC3F24A167E2B1550F88F504C363C36C10EDF0C4E33667FE1F382A69F6D31D42FA7E38FD06DDD589CFF2D24D7281625420EFDDBA76553F0FF27510F2CB18D333A4BF7CAD1672523AD4E36B21DE82CA8B21CFAB51B28E76416C3020068690E3950EE025CA5DE76CC905DAA1A4E45183E9748655D7394360153D970B827975789A71F891F318E4FDC3F2F0A82CA5404AC0F0660B6B00CB8AE9A3C314900BA005878AE9311489091812760B811840C347A4E702C2A4A82F5B359CC7B505EBF1D1D109BB015910A759626A8C59671467A4607DEB265DFE56CB13C27DB2A509CDCA6B5A9602E3BC925764967A013FF616020BBE94793369F0FEA0E5C91957216C614B6B8F62E36230C91E0A7B5759890BABD509D1446771001E0E468B13A2C1C0FE27589B0ACB2534E9BA66CC9E05588BBDFEF2D47DEAF68AEE277A439AFE86A237ADAFE98E025ABD54DC069BC0789E566F047A5D0858D968D998ECC9629309B8452AEC2784A8AF6D78936C3DAAA7A4DA12C1D13624A792CEB2018C8A6627452955066231855A81B151809777C86041DC263A1BD734EA04C87EA7581EAE5408628268DD1040CB9A99FE404C80E1183867BB5A6FDB389AA08CDDB52EDE9745E859641DFD96A3464B9F373A61961F4AD02B548026EC5E690C89276EEFA041326FEC3878B4BE4A0B180C460980F408E56010477F5D3084D10606D7EFBD0AB0D5F95A04AAB924299A73DE321C1C768BD6042803A5A65563BEE5E953CB17D594378B4D38E99DCC5401A98D8C4218AD79579316A58546468FDA58C6002356B67865F07E9844139DC7F3AC1832B4CC74A3E5162C27E00C6D3104645EBAB01B164D276D1AB20F7921DAC9F4FFFA16008E563A540214F7BA74B7208DE4E1214F1F4D75B4A1429A181D297825C452ABA0C7E527FEE5A38C5622EDB49E7E7A0865188DB49A1D87D041F44849421295DAD458712A2214B12DE9104CA22AD59A060BF2F1CF4F789AC9B5A87A7A5402FFF6EC20A108A8FE1C8B0CAAB7063C514C747C365A3E62A4DC694942394DBDDEB8B209F68A86E928D72599699304B4D3A31AA83CD29F0D1B110678DA0AA4978682C944C5442EA7E6F02B935372CDD0C8E727D6C952707492E938B4B41CE40ED59FE66547264039A124AC8402ADFF53778FEECA968B3A9466F361B900626E2EAF83DD2E4A36440CCEE68BB7AA03709EFFB0328F4DB9AD612C688E636FFD5D4F78830F3688292D792344975196976F9D83FBEA42731E6E05D538AD0170ED693B041403FCE4B5F7A1B661F97FDD58153153A07469805CE2B1960DAB61237829F010BC32406A100799FA31DF791AEFB789B62D0086DDE9224988A082528263D577ED114B21477CE7A12D170CD138CD1437479CBA909E7B2DCE505DA90CD882520599F384BC39446C76BECCA6AA77572061C04E0C924977C098B3B28093C9B79E76FD097737656478381E16B44E41686404380A1C596002AF8EF24683AABFE9436183B891D0D8B2836148E9A5CA8027C14BAC065B4ADA82FB07196F8CDA43E0286632787D28314A92745FE710739D0B090908F42B81E15051C548585481C108AB1031D4E8AA2F87C7D3FDDDCB0D6F778AFC013C0EC31867DBED8D0F240CC824219DF74A5D4F7335AFC09741E803229150FAAFFA90EAA0482494FA8BC109948E7824942107C6D78DDE6A102FD7E63173FE05DA8D2DBBF81383E959A18BED4302E93E9A49BD2E760F2BFCBA8283E115B532CB8069185BA839F7A800A88497F8A0AF8AB72383DCC76AA04451F775DADB886AFC54001C1109A80A07C7848ED86F00E399B31C4469BB09E4E5185DA20F918BA54202E50A0D30AD63A65028D69FC65C54739D1021FDACC9A9B0F2C9B038098ADB8DAD29233DB1A8ED4BE2A1A5C08A676AE2F3C1CC75AF471FA674691D682CD42E60D369268B0E582182776853D6FA200D9BB1C65DC962C2A0961285541B0C82514789C34B68C0124C16596071D1210237086F3B44B93E7441480612B8A0F860B88C7653737242A92EC4F6A7147173D5D9A20DBC203A5D88833A48D98F0CABC05EF6BB82E92791B656020A1FDE6F4247ADC3B7D2D65096965868BDE93F007270AF603B133B5C13D80E1908E882EE50572B45169F70C3A87A5C7095972146BAA81E8328C49AC4EDF950E40A66A26024DB196B126553093B78399BCC3BFB693543DC8C0B75B4A8C3794E8B0A83F90C766FD2D8A3F84666DA1AC12CA9FCA134A7C840C9C13DC433E62C95C79521CEB61AAAE12CA7431D35C7713E3F6C956E7F6FBE74BF3B9F9FC6DF469D7C9773C0A9ABF81EA6C3531496CE37AB97BC40DBA3B2C2D1EA6F31A65F250BDB0AD741123DA0BCA8235FF96F8F8F7F6232F81E4E36DD459E8754602E754A5D7AEE664F6A1B75DB902C5A974DD851A60FEE51D65512A2E733FF1F559B53EFEA2F774DB337DE4D86F9E0D43BF6FEE920FB6DF21464EBC720FBDD3678FEBDAB9870B093CD14C95A469934365796EEACB5ED864D9B943F35B0E00018A0639A63D262BEDDA57B1C71EEB5568D6516C781F0C84C8D834089B3311A80B4481468C12FD213A645C2BE51B886CDD15775F29AA40E93F146B7EFA6D9A0AE05E900872D1122B7D320401A37EB4192595F52BB587BE27BF4ABDDA37BD71E172C43E4491B0488CD85662307C84C688390611C7C5C42BC8304ABCED956046404CE17F8F24C9B366C14BE77763261B2810D16B94CC6AF31CE11328DCDDCB9AB46996C36D58A8D3899F53E01D34F90ECCA667462B590D9004530469047433660B7899846DD906D150E3C44209FD2204945E54C1A869EF9E234CC256473597294D7679CAB3597C544FB8AD3B51C247BB81C40636C526237983972C48C3A89A39351E49C327DBA937168C8673819268AE0AC25C3E082994846D124C3FE2173A6F81849CBC865F570B0881C65EE107A97CC109D561C576AEADC06EAA7E916662ACF36F5C6AB8A5F6B916363EE741AF3F018F8D459DF7C322E471D4A10FE296498220032E3EB345190F8F9A590ECE9B3B26F3DBFBD4939499148646E71340F9B4D2D88CC98EA50A4904D2A10DB2C1C6268ACF5C3368FC8B074327AF1B8E57E92E6AC22792727E95DE5AF3901FF986549992D27CA3C92077AB1AD6D9E1951EEBCCA2C2787778B63634D0B6225FF8FDFE4942FCC0FF72E679D8BC465D291B938C768CB913DA11E9757743DC8A7382B59A468992D15CB0051E932F9CA6449566C04E1EB4AAB326722154D5E769C3765CA4C29FADC7A208951D848A8ECD4356F82C45BAE4ECA93FA69C7991FDEA778E66BBDBD32382FDB2FAD68E43AA58B453DCA130688BB93644E81BB500327AE0B1C7CF2D59FA00B49C071B097FE5C01F7D6D791F60ABEE11627678173B3887A11C76457E46DD148DB22EA4B15401BEA549ADA45D691C67CD582909FA3FABB705EC4619D3966EE643CCFCE5D9190A1A1F8D350CA1859C61861075DA6194DFAD7CEA8E01CD4C5B2796812D230DDCD99710690A8C2C0CDFC3E01D9680820D29C510796444680F8410C7AF4F430AEB880DB5B98E0052E49E124E98BDDBC4F38CC4972BAE80D43A5EF16C100338F1D469E163E2BCBCCF33E611616576B5E7C2212BDE377479E91D3AA0807713044183B590A9FBB433AF4017C7428495084694FE492408F506E729CF0710DF0457C8F5B6F6B1FB365FD94B50351866D48D09ABA827775AE9287B4D5063018B55538E7BB2208F1FDFC5D56440FC1BAF664CCF328D9F8DEF720DEE32A1FB6F728BC4A6EF6C56E5FE021A3ED7D4C855B2C350AB2FEAB442E34CECB9B5DF92B7731048C6614962F6192F7FB280E3BBC2F053E9100885255D1B81996735994EE869B970ED2E794951010A0867C9D86E5166D77310696DF24ABE009D9E0F62D479FD02658BFB4E1296020EA89A0C9BEBC88824D166CF30646DF1EFFC43C1C6E9F7FFE2F64C9418581BB0000, N'6.1.2-31219')
INSERT [dbo].[__MigrationHistory] ([MigrationId], [ContextKey], [Model], [ProductVersion]) VALUES (N'201502061815563_mig2', N'treatment.Migrations.Configuration', 0x1F8B0800000000000400ED1DCB6EE4B8F11E20FF20E89404B36E7BF6B231DABB98B1670646C6F6ECB467929B21B7E8B610B5D491D4869D205F96433E29BF10EA4D912CBE25B583C017B744168BC5AA225955AAFACFBFFEBDFCE5791B7B4F28CBA33439F34F8E8E7D0F25EB348C92CD99BF2F1E7EF8C9FFE5E7DFFE66F921DC3E7BDFDB763F96ED70CF243FF31F8B6277BA58E4EB47B40DF2A36DB4CED23C7D288ED6E9761184E9E2EDF1F11F1727270B8441F81896E72DBFEE9322DAA2EA07FE799E266BB42BF6417C958628CE9BE7F8CDAA82EA5D075B94EF82353AF38B0C05C51625C551DDD6F7DEC55180F158A1F8C1F78224498BA0C0589E7ECBD1AAC8D264B3DAE107417CFBB243B8DD4310E7A8C1FEB46FAE3A91E3B7E544167DC716D47A9F17E95613E0C98F0D6516747723FAFA1DE530ED3E601A172FE5AC2BFA9DF9E7E976BB4FF0B3F3384AA2B5EFD1639E9EC759D99EA5F211D5F78DD7B578D3B105E69EF2EF8D77BE8F8B7D86CE12B42FB2207EE37DD9DFC7D1FA4FE8E536FD2B4ACE927D1C93A86264F1BBC103FCE84B96EE5056BC7C450FFC095C5EF8DE62086641C3E9A0C020EA195F26C58F6F7DEF1AA316DCC7A8E313823AAB22CDD02794A02C2850F825280A94E165BE0C51456906196AE8DBC72009E4038A81D46897FFB770308F6361F5BDABE0F9334A36C5E3998FFFF5BD8FD1330ADB270DEC6FB82F5ECF727DF7483EF675F0146DAAB953585CA46B4C8B1A172C815F515CB5CA1FA35D2D8847648B3B86F13E66E9F66B1A5390E87677B741B641059E68AAD07895EEB3B5C61CAE5018ADA3048966316C239A87B82533134973DDB954ACC59D41F586869F9398F35B301803CDB4316DD5069FE0DD6B11ADC1462CD2604B1EDECB45AF32858A94E4432D2D4A769C47859AE8CC2995644D216B2DA9ABE555D997E1CAB1545FCB9F4AAAAF657B3DF52D40FE8E52F034D2C3F7809EA61A39903803599B47CA7A2ED6953555FE772D718E4E1492A1501E6D92E6783BFA589B0C8D3FA5D50EADF1DD22FAFB48B3B23E82698A325FEF00F2EE7CD36FC59CB7D73798C05B7CD3C04ACF74D0B454CD6DAF62E6D036DDF0260A67D0792A9D738E9B21EB5DDECD59E17BEA00959BFB1C654F1369364CF209158DCA91C7F2D84E2B1DF901DFC149474BEBC018526A495B25B63741896A6C9BDD111A8A832FDB0C56989CB6BAB7B94A76B888576FEE48C5DF634BBF6350641AB8D1E9ED84CD747BDBFBFFF736DE583D6DC7D67E693EFE20BF162F9FA22794D86D0AD7E9188A1A5224136F0B841E1A476F812A57A0E38CF443A3C4347442D5631E3DD09D56749581E231C79D46A806BCDE6FEF4BE25A89D11457D3776198A13C9FE4F076F3F17D94158F73082BFF94A1B559D37209EEE646C238348C6B49E5B0EB3CE239C4C1444E59085309ECAFFBA06937A7E91520C75DFBCFB4B65C670E205A6A14FD45BACE2CE124EE1897178B3EDD06F45C310DADCEE84647F3794FE424439A0AF91C27F4897CC7D4E87F46D1E6B1384F932288AA1D66E47DF6EAD3DDD5E7E9A769A8439D38A98DC41BD24BA01E30BB82D7FE699D6B77D96326736A1BA7A16D4A550BF070E8BA8972CCD96B05D3AD4264CA38C76CD5DD17307F99462F309747719083B239B12138DFDFD2BCBCAB061BBA5A86AF588729F5DECE57DA21A9E32D6D3ACDE42F251859DB63AA2C04EE056F62996919CB8EF918171FC09C66CC877214E47AE7B8A6CF4CAC570F6EC4797DD7C918AF1E729E335C77C7C7CFD728C4AB313D0E5F32F4803214126E937151D0BEC2D4066A836B4CD971DEAB4C8981CD75A6ED3F5DE84A8E9A4E8EB530B4EAEFF23C5D4715F29C380CC63E30C4FE43127A3AA15FF584E890323C37CC06D10E2F3CEE73E6FF81A192E238DD21A41F87B16F0C873AF1695EBA492E508C0AE4BD5BD731EFE741BE0E42568C313DC3E193AF95202765643EBE16E22DA8BC18B2BC1A25EB6817C41A13A26070395E1A495EA2DC0D4EBFB9403B94943CAAB19CCEB0EA06A7082CA3E7724130AF0A4F539143621E83C288681E1E95A5244871185E4FB02C58964F1F15A68062090D38944F0F5B2426604838BE0462008560939E0B08DFA4BA6E5588425756ACC7474727F40664409C46C4E418D3512DCE484107E94D2AFE46E209E13E996842ABF29AC492E3E597F28AC8E5CFE1C7DE4360C097A2B02805DEB7124FC6B90A610B7B5A7B149B588549F650384CCB485D184927441315E1004225B48413A281E5F813C8A6C473092DBAAA1BB36701DA63AF2E9EAADFCCBDA2FB89DA94A6BFA1A82DEB6BBAA3805E2F19B7C12E3096A7E51B81DA101C56D6121B9D3D99EF3201B74889FF8450F5B50F6F92AD47F64DAAB24670B40D89A9A42236805351EFA428A48A2516539815281F057879871C16C46DA2F3714D634E80FC7712F1706542E01344E986007AD6F4EC077C02D863E09CED6ABB6D136882327AD7BA785FBE42CF3CEFE8B71C3556FABCB109D3FC50825EA1027461F74663483D317BC71024F5B11E036F68AF5202068391022023421918C4D15F150CE1B481C1F57BAF046C75BEE6816A2E4992EE4CB40C0387DEA215018A40C969D5B86F59FAD4FA45B6E48DB07117BDD3993220B593910BA375EF2AD2A2F4D088E8513BCB28608464F325838DC324BAA87C854FAB214DCF4C375B46601905A7E98B2120B3DA85DEB0867452A621FD4530443B91FD5FDD03C0D04A854A80E15E95EE06A4117CC1C8D247D11CAD69902666472A5E01B1E426E871F989FD8452442B9E755ACD3E6D4319CA222D67471B3AF0BE761290446636D5369CF208456C4B2A0413984A9596C1807CECE7272CCDC45654353B2A817F7B76105004347F8E4506D9B7062C51746C7C26563E62A6CC6949403945BBDEB8BA098E8A86E928B625E9599338B453A31A683C525F0D13150644DA72B497828149C7C4448A5373F815E929B16568E4F3131D64C9393A896C1C4A560E7287EA4FF3A22313609C901256408136FEA9BB4777EF968B3A2767F360B90092772EAF82DD2E4A364432CFE689B7AA33799EFFB0D24F72B9AD612C861C47DFFABB91F0061F6C10F5B6E48D107D8CB2BCFC683AB8AF2E34E7E196D38CB11A00D79E7640C030C02E5E7B1F6A3B96FFD79D65A93739469706C8473CD7B263356D048B020BC12B33AD067190C93FE63B4FE3FD3651F605C0B03B5B24091134500A70ACC6AE236207C811CF5968CB054534C632C5AC11632E1CAEBD1267C8AE541A6C313005E9F384B83B446C7ABDF496AA0F572061C0410C824577C098B3B28093C5375E76F50577B764649E39161624A720343295DC001CF942075E9D2E6E08AA7EA60E85CE064742A3DF1D0C430A2F551A3C095E6215D852D017DC3FC8C465833D044E872682D7E7241B6892EEE91C6AAE0B212101817125309C417A3212D6E085C60CAB5C3383D9554F0E8FA7FBBB971BDEEE0CF9163C0EC31867DBED9D0F240CC825215CF7CA5C3FE46AD6802F82D0675622A1F44FD521D5D9954828F5138D13E830751257871C185F37762B2B5EAEDD63FAFC0BF41B5B770DF20831B0DA171A7CC39C4074CF1E5DAE201248F7504F8B76B9806865DABD3818DE931BC7349890F2ADEA73A30C804C19F22F0EB2FC3D22C87DEE87816AEB9E4E7BBB91CD7F9050874782418383634247EC67C178FA2C0751DA6C01593D367CA30E91C9CD4202655E6A605AE76019A0583F1A53A8E63A7142F65E9D536615E36170B2E4F71BDBF24646760DB62F41C497042B96A989C707B3D6BD5DDECE88D306E4189871C0AED32CD63001060FDEA12D591BD364B7624DF893C182413D0506AE36B90465DEE2A7AB5080C5592CF285C1C5894804C1BD3D11EFD5A173523C90C039AF0F86CB86616F4E4E28D505DBFC94C2EF2E3B5BB4891C78A70B7E920821FB91691A68E341F762FA451C7A3F0103121B87A16226627B295B3C4BCF2E246FEA1F1439B857D083F103B8096C6D260286B43BB4FD0A91C527DC30AA3E56B8CCCB94255D96102B0AD12E76733EE48596E9182CC97EDA9649D152C20163CE16F3CE7C59F510D7E34215ABAC3DCF2951C19ACFE07029853D8AEDA467ADE1AC922CBE4A7189348C1CCC877DDA9C258BE0D2C4D9D44265CF722AD491731C13434437E9F6F7E649F7BB8B216AE277E4558199809EBA89EF613A3C456119CCB37AC90BB43D2A1B1CADFE1663FA55BAB06D701524D103CA8B3A9396FFF6F8F827AAB4F0E194F95DE4793848F425AFF53B5CBBD9ABED46DD3624CAFE6592C6941A83F9C8EB3209D1F399FF8FAACFA977F997BBA6DB1BEF26C37C70EA1D7BFF74509637790AB2F56390FD6E1B3CFFDE558E393868678A2A32A32C1A5DC44B75D5DA7E76CB26E44F052C18001AE8E816BF34586F777528475C7B25A9312C2F69098F2C2169058A5F265203A4410543037E119E300D2A098EC23574F1C06A90D7A475A8523CAA6337DDAC86E6D429B41311A2E8941520859BB5956656D7D42E648F7F8F7EB57B741F2AE4826588026E5680E8226D267A802CD166850C1530E412E21DA45855CEB63C2023703E273668DA7A66A3F03DA784991193B93AE05045CAAC353755886C8CE388C8F0337749AD517886AE0063C230B35E4B60FA716A7099CC8E6F5DD29B200FC6086ACD661F775B1F6AD47DDDD46EC14204CA3C5969AA4129273BF4F48553B3C491C99DCB51B9A1716EE84C7115E59B52D7D34AF730A589C6D8A4F8D1347394AE1975114727232FC665FA2A2CE3D0902DBC62A78AE0622A7670C10229A318A4E13093392B8F8C64AC648A8D381022470545B8412A3324CDE5A7BB9ABAE482FC8B79036F97675A11E455A5D53528FD3177958F79780CFC025BDD0B332E471D4A6D80297498242F3315323551EEFAF9B590E88B6CE9D86AE17F937292A4BEC9DCEA681E369B5A11E931D5A16821930A25A6C541F8D068278A697913BB2A376A69C2C5E196FAAC22F8DC4E30BA2CEC7302FED12BDE325BA99679340FF421B9B2976744BDF32A8BAF1CDE2D8E4E81CD49E1FC3F7E93937EA87EB87739E312292E6BA1CCC5395A5B8EE84BEC71794535107D8AB39241E598D92AC458A84A97356126ABFD62A2085F57B59739EBBB28F2B2E3722E53167051E7D603A9D7422768A597AEF9B488BFE5AA5462A9BF1039F3C3FB14AF7C6DB797E60CA6C71D1A1A994187AF79238AEB18F0871314748187900327AE0B0C7CF2E341CE10823CE8E028FDB9021EAD6F231C15FC149C5F33062E19C31B859F2A5E524E46A19A0C6F2C595E6F685061C519D1400AEB552B42768DEAE7DC75E1679B6698B9D3F12C3B77AFB80C0DA5C5862AD9880AD97007E80AE028D2BF8E6905D7A07E2D5A87A64E0E35DC9C8570008DCACD27CDEE13908F8600222C657560B56D38881FC4A447AF5AE38A0B98BD85CA81E092144E6AD198ADFB84D39CA4D48CDA3464F66E1E0CB020DA61948F618BC5CCBCEE1316877125F3FC13112F1D803BF28C5CED853B898321C2D8355CD89222C2A95BF0D1A1D466E15663116B023542B929BDC2A647C017F13DEEBDAD63CC96F517B11D8832FB4382D6832B78D7E63279485B6B008551DB8409BE2B8210DFCFDF6545F410ACEB48C63C8F928DEF7D0FE23D6EF2617B8FC2CBE4665FECF6059E32DADEC783AC8DA54541347E555F6688F3F26657FECA5D4C01A31985E59730C9FB7D14871DDE1F3931910088D254D18419966B5994E1869B970ED2754A6B08085043BECEC2728BB6BB1803CB6F9255F0844C70FB96A3CF6813AC5FDA2C173010F9420CC9BEBC88824D166CF30646DF1FFFC43C1C6E9F7FFE2F9A8A81BA61BC0000, N'6.1.2-31219')
INSERT [dbo].[__MigrationHistory] ([MigrationId], [ContextKey], [Model], [ProductVersion]) VALUES (N'201502061821058_mig2', N'treatment.Migrations.Configuration', 0x1F8B0800000000000400ED1DCB6EE4B8F11E20FF20E89404B36E7BF6B231DABB98B1670646C6F6ECB467929B21B7E8B610B5D491D4869D205F96433E29BF10EA4D912CBE25B583C017B744168BC5AA225955AAFACFBFFEBDFCE5791B7B4F28CBA33439F34F8E8E7D0F25EB348C92CD99BF2F1E7EF8C9FFE5E7DFFE66F921DC3E7BDFDB763F96ED70CF243FF31F8B6277BA58E4EB47B40DF2A36DB4CED23C7D288ED6E9761184E9E2EDF1F11F1727270B8441F81896E72DBFEE9322DAA2EA07FE799E266BB42BF6417C958628CE9BE7F8CDAA82EA5D075B94EF82353AF38B0C05C51625C551DDD6F7DEC55180F158A1F8C1F78224498BA0C0589E7ECBD1AAC8D264B3DAE107417CFBB243B8DD4310E7A8C1FEB46FAE3A91E3B7E544167DC716D47A9F17E95613E0C98F0D6516747723FAFA1DE530ED3E601A172FE5AC2BFA9DF9E7E976BB4FF0B3F3384AA2B5EFD1639E9EC759D99EA5F211D5F78DD7B578D3B105E69EF2EF8D77BE8F8B7D86CE12B42FB2207EE37DD9DFC7D1FA4FE8E536FD2B4ACE927D1C93A86264F1BBC103FCE84B96EE5056BC7C450FFC095C5EF8DE62086641C3E9A0C020EA195F26C58F6F7DEF1AA316DCC7A8E313823AAB22CDD02794A02C2850F825280A94E165BE0C51456906196AE8DBC72009E4038A81D46897FFB770308F6361F5BDABE0F9334A36C5E3998FFFF5BD8FD1330ADB270DEC6FB82F5ECF727DF7483EF675F0146DAAB953585CA46B4C8B1A172C815F515CB5CA1FA35D2D8847648B3B86F13E66E9F66B1A5390E87677B741B641059E68AAD07895EEB3B5C61CAE5018ADA3048966316C239A87B82533134973DDB954ACC59D41F586869F9398F35B301803CDB4316DD5069FE0DD6B11ADC1462CD2604B1EDECB45AF32858A94E4432D2D4A769C47859AE8CC2995644D216B2DA9ABE555D997E1CAB1545FCB9F4AAAAF657B3DF52D40FE8E52F034D2C3F7809EA61A39903803599B47CA7A2ED6953555FE772D718E4E1492A1501E6D92E6783BFA589B0C8D3FA5D50EADF1DD22FAFB48B3B23E82698A325FEF00F2EE7CD36FC59CB7D73798C05B7CD3C04ACF74D0B454CD6DAF62E6D036DDF0260A67D0792A9D738E9B21EB5DDECD59E17BEA00959BFB1C654F1369364CF209158DCA91C7F2D84E2B1DF901DFC149474BEBC018526A495B25B63741896A6C9BDD111A8A832FDB0C56989CB6BAB7B94A76B888576FEE48C5DF634BBF6350641AB8D1E9ED84CD747BDBFBFFF736DE583D6DC7D67E693EFE20BF162F9FA22794D86D0AD7E9188A1A5224136F0B841E1A476F812A57A0E38CF443A3C4347442D5631E3DD09D56749581E231C79D46A806BCDE6FEF4BE28E2C0493DC5EDF856186F27C92F3DDCDC7F751563CCE21CFFC8388D67E4E8B2EB8E11BC9EBD076AE25B8C3AEF348F01007135166214C25D3BFEE83A6DD9CD659801C77ED3FD39A7B9DF98868A9517429E9FABB8493B863BC622CFA741BD0B9C534B43AC61B9DDEE73DB4930C692AE4731CE227722F53A3FF19459BC7E23C4D8A20AA769891F7D9AB4F77579FA79FA6A10E75E2C736126F482F817AC0EC965EBBB0756EE6658F992CAE6D2887B6B5552D06C4A17727CA3167AF15ACBB0AC12BE31CB355775FC042661AE0C0DC2FC57110CA16C786E07C974CF3F2AE1A6CE88D19BE627DAAD47B3B776A87A48E43B5E934934B9560646DA7AAB210B817BC8965A6652C3BE663BC8000739A311FCA5190EB9DE39A3E33B15E3DB811E7F55D2763BC7AC879CE70DD1D1F3F5FA310AFC6F4387CC9D003CA50487856C64541FB0A53DBB00DAE3165C779AF32250636D799B6FF74D12D396A3A39D6C2D0AABFCBF3741D55C873423518FBC010FB0F49E8E94487D513A2A3CEF0DC301B443BBCF0B8CF99FF07864A8AE37487907E1CC6BE311CEAC4A779E926B940312A90F76E5D87C59F07F93A085931C6F40C874FBE56829C94C1FBF85A88B7A0F262C8F26A94ACA35D106B4C8882C1E57869B07989723738FDE602ED5052F2A8C6723AC3AA1B9C22B08C9ECB05C1BC2A3C4D051789790C8A34A2797854969220C561783DC1B260593E7D5498020A3734E0503E3D6C91988021E11014880114E2517A2E20DC97EABA5521505D59B11E1F1D9DD01B9001711A1193634C07BE3823051DC737A9F81B892784FB64A209ADCA6B124B4E208094574451011C7EEC3D04067C298A9C52E07D2BF1649CAB10B6B0A7B547B1096798640F8523B98CD4859174423451110E209A424B38211A588E3F816C4A3C97D0A2ABBA317B16A03DF6EAE2A9FA59DD2BBA9FA84D69FA1B8ADAB2BEA63B0AE8F592711BEC0263795ABE11A80DC161652DB1D1D993F92E13708B94F84F08555FFBF026D97A649FAD2A6B0447DB90984A2A62033815F54E8A42AA586231855981F251809777C86141DC263A1FD734E604C87F27110F5726043E41946E08A0674DCF7EC027803D06CED9AEB6DB36812628A377AD8BF7E52BF4CCF38E7ECB5163A5CF1B9B30CD0F25E8152A4017766F3486D413B3770C4152DFF331F086F62A25603018290032229481411CFD55C1104E1B185CBFF74AC056E76B1EA8E69224E9CE44CB3070E82D5A11A008949C568DFB96A54FAD5F644BDE081B77D13B9D2903523B19B9305AF7AE222D4A0F8D881EB5B38C024648365F32D8384CA28BCA87FAB41AD2F4CC74B365049651709ABE180232AB5DE80D6B4827651AD21F0D43B413D9FFD53D000CAD54A80418EE55E96E401AC1478E2C7D14CDD19A06696276A4E215104B6E821E979FD8AF2C45B4E259A7D5ECD33694A12CD27276B4A103EF832801496466536DC3298F50C4B6A4423081A95469190CC8C77E7EC2D24C6C4555B3A312F8B76707014540F3E75864907D6BC01245C7C66762E52366CA9C96049453B4EB8DAB9BE0A868988E625B929E3589433B35AA81C623F5D530516140A42D477B291898744C4CA43835875F919E125B86463E3FD141969CA393C8C6A164E52077A8FE342F3A3201C6092961051468E39FBA7B74F76EB9A8D376360F960B20BFE7F22AD8EDA26443E4FB6C9E78AB3AD9E7F90F2BFD3C98DB1AC662C871F4ADBF1B096FF0C106516F4BDE08D1C728CBCBEFAA83FBEA42731E6E39CD18AB0170ED6907040C03ECE2B5F7A1B663F97FDD59969D93637469807CC4732D3B56D346B028B010BC32196B100799FC63BEF334DE6F13655F000CBBB34592104103A500C76AEC3A2276801CF19C85B65C5044632C53CC1A31E6C2E1DA2B7186EC4AA5C1160353903E4F88BB43C4A6D74B6FA9FA700512061CC4205874078C392B0B38597CE365575F70774B46A6A2636141720A4223B3CD0DC0912F74E0D519E586A0EA67EA50E884712434FADDC130A4F052A5C193E02556812D057DC1FD83CC6D36D843E08C6922787DDAB28126E99ECEA1E6BA10121210185702C319643023610D5E68CCB04A4733985DF5E4F078BABF7BB9E1EDCE906FC1E3308C71B6DDDEF940C2805C12C275AFCCF543AE660DF822087DF225124AFF541D529D808984523FD138810EB32B7175C881F17563B7B2E2E5DA3DA6CFBF40BFB175D720D51003AB7DA1C137CC0944F7ECD1E50A2281740FF5B468970B8856A6DD8B83E13DB9714C830929DFAA3E37CA00C89421FFE220CBDF2382DCE77E18A8B6EEE9B4B71BD9FC0709757824183438382674C47E168CA7CF7210A5CD1690D563C337EA1099DC2C2450E6A506A6750E96018AF5A331856AAE132764EFD5396556311E06274B7EBFB12D6F6464D760FB12447C49B062999A787C306BDDDBE5ED8C386D408E811907EC3ACD620D1360F0E01DDA92B5314D762BD6843F192C18D45360E06A934B50E62D7EBA0A05589CC5225F185C9C884410DCDB13F15E1D3A27C503099CF3FA60B86C18F6E6E484525DB0CD4F29FCEEB2B3459BC88177BAE0278910B21F99A681361E742FA65FC4A1F7133020B171182A6622B697B2C5B3F4EC42F2A6FE4191837B053D183F809BC0D666226048BB43DBAF10597CC20DA3EA6385CBBC4C59D26509B1A210ED6237E7435E68998EC192ECA76D99142D251C30E66C31EFCC97550F713D2E54B1CADAF39C1215ACF90C0E9752D8A3D84E7AD61ACE2AC9E2AB149748C3C8C17CD8A7CD59B2082E4D9C4D2D54F62CA7421D39C731314474936E7F6F9E74BFBB18A2267E475E389809E8A99BF81EA6C3531496C13CAB97BC40DBA3B2C1D1EA6F31A65FA50BDB065741123DA0BCA83369F96F8F8F7FA2AA0F1F4E25E0459E8783445FF272C0C3B59BBD206FD46D43A2EC5F26694CA931988FBC2E93103D9FF9FFA8FA9C7A977FB96BBABDF16E32CC07A7DEB1F74F07957B93A7205B3F06D9EFB6C1F3EF5DE598838376A6283433CAA2D175BE5457ADED67B76C42FE54C08201A0818E6E7D4C83F57657AA72C4B557921AC30A9496F0C82A9356A0F8952435401A143934E017E109D3A0D8E0285C43D717AC06794D5A87AAD6A33A76D3CD6A684E29433B1121EA52590152B8595B6966754DED42F6F8F7E857BB47F7A1422E5886A8F1660588AEE366A207C82A6E56C85001432E21DE418A55E56CCB033202E7736283A62D79360ADF73AA9C592DA9B3930E55ADCC5A855315C9C63897882C4073D7D61A8579E8523026EA69D6FB094C3F4E312E93D9F1CD4C7A13E4C11841BFD96CE86E0B458DBAC19B1A30588840BD272B4D35A8E964879EBE706AD63A32B97C39AA3B34CE559DA9B2A27C65EA7A5AE91EA646D1189B143FAC668E1A36A32EE2E864E405BB4C5F8E651C1AB21558EC54115C55C50E2E58296514CB341C6F3267099291AC964CD5110742E4A8B208375A6586ECB9FCBC5753D75E907F3A6FE0F6F24C4B83BCAAFCBA063540E62EF7310F8F819F62ABBB63C6E5A843291230850E932468A662A7264A623FBF16127D9A2D1D5B2D0E70524E92143A995B1DCDC366532B223DA63A142D6452AAC4B44A081F1AED4D31AD736257EE462D5FB838EE529F5504DFDD094697C57F4EC03F7A555C66ABD9328FE681BE285776F78CA8775E651596C3BBC5D1B9B039B99CFFC76F72D22FD60FF72E675C2BC5655194B938476BCB117D923D2EAFA846A44F7156322821335BA9180B55E9B238CC6445604C14E1EB2AFB3267A117455E765CD765CA4A2EEADC7A20855BE84CADF4D235DF18F1B75C95922CF5A722677E789FE295AFEDF6D2E4C1F4B843432333E8F0356F44714103FE7082CA2EF01072E0C47581814F7E45C8194290101D1CA53F57C0A3F56D84A382DF84F38BC7C0B56378A3F073C64BEACA289495E18D254BF00D0D2A2C3D231A4861BD6A45C8AE51FD9CBB2EFCB4D30C33773A9E65E7EE1597A1A1FCD850491B51451BEE005D251C45FAD7C1ADE01AD4AF45EBD014CCA1869BB3220EA051B989A5D97D02F2D110408435AD0EACC80D07F18398F4E8E56B5C7101B3B750C9105C92C249511AB3759F709A93D49C519B86CCDECD830156463B8C3A326CD59899D77DC22A31AE649E7F22E2E50570479E91CBBE702771304418BB980B5B5B4438750B3E3A94222DDCB22C624DA04628373558D83C09F822BEC7BDB7758CD9B2FE34B60351A68148D07A7005EFDA5C260F696B0DA0306A9B30C1774510E2FBF9BBAC881E82751DC998E751B2F1BDEF41BCC74D3E6CEF517899DCEC8BDDBEC05346DBFB7890BEB1B42888C6AF0ACD0C715EDEECCA5FB98B296034A3B0FC122679BF8FE2B0C3FB2327261200519A2A9A30C3722D8B32DC70F3D241BA4E690D01016AC8D759586ED176176360F94DB20A9E90096EDF72F4196D82F54B9BEE0206225F8821D9971751B0C9826DDEC0E8FBE39F9887C3EDF3CFFF05F1742BCC8DBC0000, N'6.1.2-31219')
INSERT [dbo].[__MigrationHistory] ([MigrationId], [ContextKey], [Model], [ProductVersion]) VALUES (N'201502101902391_mig1', N'treatment.Migrations.Configuration', 0x1F8B0800000000000400ED1DCB6EE4B8F11E20FF20E89404B36E7BF6B231DABB98698F0746C6F6ECB467929B21B7E8B6103D3A92DAB037C897E5904FCA2F847AF3FD96D41E04BEB445B248D68B64B158F5DF7FFF67F9CB73127B4F202FA22C3DF34F8E8E7D0FA49B2C8CD2ED99BF2F1F7EF8C9FFE5E7DFFF6EF9214C9EBD6F5DBD1FAB7AB0655A9CF98F65B93B5D2C8ACD234882E22889367956640FE5D1264B1641982DDE1E1FFF797172B20010840F6179DEF2CB3E2DA304D4FFC07F5759BA01BB721FC4575908E2A2FD0E4BD63554EF3A4840B10B36E0CC2F7310940948CBA3A6AEEFBD8BA3008E630DE207DF0BD2342B83128EF2F46B01D6659EA5DBF50E7E08E2DB971D80F51E82B800EDE84F87EAAA13397E5B4D643134EC406DF64599259A004F7E6C31B3209B1BE1D7EF310771F701E2B87CA9665DE3EFCC5F6549B24FE1B7551CA5D1C6F7C83E4F57715ED5A7B17C44B47DE3F535DEF46C01B9A7FA7BE3ADF671B9CFC1590AF6651EC46FBCCFFBFB38DAFC05BCDC667F07E959BA8F6374A870B0B00CFB003F7DCEB31DC8CB972FE0813D81CB73DF5BE06016249C1E0A1F4433E3CBB4FCF1ADEF5DC3A105F731E8F904C1CEBACC72F011A4200F4A107E0ECA12E490CC9721A8314D0D86E8FAF631480379876220CDB0ABDF1D1CC8E350587DEF2A78FE04D26DF978E6C39FBE77113D83B0FBD2C2FE0ADB427A56F4DD0379DFD7C153B4ADE74E8CE23CDB405C34638112F805C475ADE231DA35827884D6B8A318EF22CF922F594C4022EBDDDD06F9169470A29942E575B6CF371A73B80261B48952209A055E47340F714D6A2692EABA73A9598B3983BA84845FA02367D7A046CCA9A63DD24E6DB011DE178B70CDAD440F9A5B9335EEE562509942458AF2A19616451BCEA3424D74E6944AB2C190B596D4D5F2AAEC4B71E558AAAFE34F25D5D7B1BD9EFA160CFE8E50F0E4A0F1728E9E262A39903803599B47CA062ED6953555FE772D718E761492AE40116DD3767B3B7A5FDB1C8C3FA5F50E6CE0D922FA6DA459596FC1344599AD7738F2EE7CD1EFC49CB5D6B723E12FF16D052B3DD343D35235B7838A9943DBF4DD9B281CACF1543A6705AB01EB55DECD5EE15B068772BD4FEE413EBAB6B8B92F40FE3491028494E93AA97EDF4689CD914F65E763B97B27758F7C9FEF60C3A3A57CF82324B493B666EC0E84120DD955BB43141563BC7435BEDE64D475A3423BC066AAB46BFDFF6392A5D616031A8834B63ACA8AF13BF9B57CF9183D81D40E27D75939FE507B0AA27A7A827D23A238C651345C1D29504A468A06B7A1696919BCE93C2A061F8389C2A1214CA57E7EDD076DBD39AD341C74DC753FA635FB38B3159302A4685AD6B57B0B27714759C7E9E19375B8466EAAA2D5FEC2685B31EF6E02654853219F52BCBB3E27BA66227AFF2B88B68FE52A4BCB20AA4D0623AFC4571FEFAE3E4D3F4D431DEAE43ECB48BC797A89AB07CC8E0FCD5596CE91A16A3193E5A5BBD2D5B6BAA8DD053BB4F24605E4EC8DF579A11EF838C662D5D597734436BDE8A4F6ABE2FB506593438B70B669B62DBCAB3BC3ADB278117DB74294DB5DABF483D4B958691BCD74B58230B2F6E58AB210B817BC8965A6632C3BE6A36E0338CC69C67CA00041A1B78F6BDBCCC47A4DE7469C37349D8CF19A2EE7D9C3F5477CF87D0342488DE9C7F039070F200721625A1D7708DA4798C62666708CA91ACE7B94A94660739CE9DA4F77CB5D80B691632DAC4CF5FAA2498BDC758B79E85C776D42E0BEE154949DF2FE6E122F897761988362FC736F6578BEB9781FE5E5E34422F1AE28B24D54539DE1C54099CCF0D17F48434FC771AA9910E99005E7062526DA4119816DCEFC3F515852ECA7DF970FFD50263FBCAB139F14BB9BF41CC4A004DEBB4DE331BE0A8A4D10D29483F80CF12F5FEAB52DADFCDA57707707653F4A4B5AACA37413ED82586342040CA67290FA615743EE3B274BCEC10EA495706B90D3D9A8FACE0904CBF0B95C20CCABC2D384DF8D98C7784E38240F8FCA52924131185E4FB02C58968D1F15A6E079E21970281B1FB683988021F96E193C0650F0D118B800B92154D7AD0A3EDCCA8AF5F8E8E8845C800C90D38A987CC4A433883354902E6E938ABF9178F2C63E9968F2A8F29AC49271D72EE515D1C53B831F874B3303BE14791329F0FE0171297F262AFC22F0B334E3593E111D0C67020E965C79F3184BF5FE7BE02DD2D5439D8955DF65BDA25DBCDA94A6DFC7AB91F535EDE4B9D7A5326EE3DF9DD23C2DDFCDA875C160652DB1D159B9D8776DDC854472F186AC21CDE5EF24871CD9BB47658DE0E8A423C692D282C0BE8DD65B9B8458B11CC514876FE2728B7BC4E5DD74217BEEFE72749A4337EFE257221EAE0EDA6C8428EDA3B957B27AA76C3602EC47E09CED1AEB66EBA1047272D53A7F5F158167D6B5FAD702B4F6FEA2B59C92FC50815E8392EBFB30985679EA895A3B7090C483300A1E6ED55102C607230580BE0DA36020670A5530C86D1F1FDCB0F64AC0527E52144C728D55042802259F6C7B714F4FB05110329AB5D2C2A45AAFF464409AEB65268CEE625F1117D5DD9C081FCD35A904587D0DC482D25EBB11CD11C9664B06EDC08B345179E94DAA21CDFB8B7E7E94C0520A4EF3C602814C6B1772C1C2F1A48C43F2D5290F77222BB9BA9D9CC2950A9638E66D55BC1BA046F03C8EC68FA2D156D36C8BCC0E55BC0264C90DB5E3F213FD3E4F842B960D57CD8A6B8319C26E2B67471B3CB05EE6085022332E6A9B1759884256351584090C8A4A6430409FEC75068D411DE39689790B9929B5CB102051D1A035AE50F2FDC8F978141B51F4CC280CDCA9618D6B3551A78689EC727C931962AB6059D1B1ADA0E2D46E1A45022A36898CBC7120DD52197B06D1E15EE9788FAAE661172CDA2B704EE552C40A30D0B9C7F407C8BE6CB968021EB61F960B4E64C4E555B0DB45E9168994D87EF1D64D98C4D50F6BFD088249036381731C79DCED7B822B5BB0054469C51B21B888F2A27AD91ADCD70781559830AA51C765CE0EBFEB907322A689D79D00BA86D5EFA6B12CAE21C3DAD002B98073AD1AD6D3067C51A021785518CB200E72F9F3C75516EF9354D908CE87DD1BE150885CCB9C608C75DF8DDB1B3638E43B0D6DB92090469964281A5176329CF64A9C213B4B68B0056603D1E70971731EB2497AE9916AB8CD4661F0EFB8054477C098B3B28013E21B935D9DE0EE488606F1A261F1E4940B0D8DD38581430B74E035B1B87050CD37752864A82D141A5976300C891C62AC78927B7A53604B415BEEFA81FA16606B88C8E9800F6F08F8846992FEEB1C6A0E731C47816105EAF0B0E04E283CAC4063A67560106C96F597C3E3EDE10CE686C77B43B805AFF3618CB3FCBA9698E1320005C6BB2210F2516D3EC7A58536A88B200C61755028C35775484D681D144AF3C500CFB478104507232772C387869010F74DFA122203206348F6A65016CD46C85E7D24048CBDFAAFD3EE5C65F3C7C2CBB050805538382674C47E168CA7CF723C4C9B1190DE25E325EA10A948252850AA5063A44D44126C88CDA731856AAE5D04CF96A7B373A8EFBD0D760BEC76635B555077156C5D16B8B14846453335F2F960683DD85CED0EE89D9382C1119DDB741A62E1E12058F00E8D649D9F871DC55A97100382F15A0A8C175DA805C274C10EDEA0008B412CB4C060F38A844560EE60917275E88C8007287046F1C17019EE0AE46487521F72CC7729ECE6B2BD4517D680B5BB60874C10B21F1AB4803CC0F5050743C4D605CB8A7A8DB7963ED938ED84B61F92509C980752380E6D48B4A6D155317DF4001448FF51CFFAD44707208D507DC1F4BC87DFAA720C52B47F878AD9896EA56C49AD6E8C79BA5EFD858E83332DD919DB231A19ADCD44B83EE20E2D64C2C1C2D35518D5DEFF97451562A40F4E618521F2EA5E9B0FF9EE310AEB16DD48CF82C3A0A0CC9F4691801A860FEA059336D7C93C7634C76C6AB5B2673F15ECC8398EF21921ABF47AB7FDD2FFDFFB8CB4FE1AF2149B94034753C5F7201E9EA2B072DE58BF1425488EAA0A47EB7FC4107F9552EC2B5C0569F4008AB28941E4BF3D3EFE89C8D379383933174511622192E4893371DACD9EBA32AA502F8DA26412E893E8837ACD729986E0F9CCFF67DDE6D4BBFCDB5DDBEC8D7793433E38F58EBD7F39C871993E05F9E631C8FF9004CF7F7415858DEFA431458E8851884666C451A55AD7CE8E6C42FE54180505406338BA99E40CE8ED2EA9DB88B457921AC35C6D96F0D07C6C56A0D839D734401AA40333E017D769B946E11A321357DDC96BD23A8CF07F56CCC548D165C7F7487A9710FE2E95D27089552BEB0863A56AD555AF0B61625F04BEDA459727AA2ABBA5A1A995100C6E212E3816C9D4640588CCC664A25BD05C4C568361E65B1A63CD109DCEE7CE0C340AFF93892C4CC83CEBDE918F3F462A2193D9B14D007A1364C1184149DBE866B7696E46E15556661B9DC3250D9193ADC64A57611969EC86A72F9C9A995A4C36C68EB2A68C738CA27244286F67FB9656BA87CAB032C622C57683982303C7A8441C1D8D2CE784E993498C83433A7F849D2AE2E784B083CBCDF3308AD590EF1F30670285912C4A54CE8431848871753F6D8E825190E7DA2EE1CCB047A417B0366E1029041C7088A334014C1F8019827CB2C3F34C1D485DFED0D9E0D2CA338DF3FFAAC2801A04F49F3B76FF3C3CC67D38AB7E99322E471D4AC4EF297498248E2C123D881D70EF3BD542A287B4D2BED5BCAB26E52449D682B9D5D13C6C36B522D263AA43D1422679076608F92F0820669BECC02E9BC0BC4903BEEF1C0187B7792703BD3202957EE71B78E9D3E3C3DDC21B47F27719B27F2ECED1D218A2B7B5E3F28AAA1BF1144BA4418283D9121958A84A97A90B264B5160A2085F57528239D31028F2B2E3AC0353E61950E7D603492B4086532449D73E0CE138AB2B240C68FCFBCFFCF03E83946FCCB5D2089F64BFB87D89EA142F66F5280EB7CDEE4E907780DF851C3872B0A1E02365AC2E04518BB9BD0CFB0A7E6F431D61AFDCC7BD92D4060A990D58FDCA62E5F23A15663F1075A480D5465DD1986CBE33B1C78EE04AB15CAF8969A6EB8B986CC70B35CBCBAA204AAAC0ECA04FC6A088FFC6C78F4B83A6584487366783A4BB36F702D54FFB9DD54197C781803C67BE068E4665467FA5D7099E691E0122CCB87260291818033F88498F9E5CC11517506B0BF1B2D8252A9CA44C30A3FB84D39C242382DA3464E64A160C6EDA9F83CE72E04A1CD8DB10D63B6777E819396D017312078384B19311D0B1F18553B7E0A3434932C04C2B20D60C6A88729343807EF70DCFA8FBB47A88D4FCD73CF5EB4154CFDA53B0C14EA77D9DCBF421EB0ECAC488BA2A94C35A1984F0E8FA2E2FA38760D378FF1545946E7DEF5B10EF61950FC93D082FD39B7DB9DB9770CA20B98FB11075D5615BD47F9D28011FF3F26657FD57B898021C6654BDDDBA49DFEFA338ECC77DC1F023E480A84EF1AD775945CBB2F232DBBEF490AE335243F000B5E8EB8D0FB720D9C510587193AE83276032B6AF05F804B6C1E6A57BBECF072227048EF6E579146CF320295A18437BF82FE4E13079FEF97F07E4511687B40000, N'6.1.2-31219')
INSERT [dbo].[__MigrationHistory] ([MigrationId], [ContextKey], [Model], [ProductVersion]) VALUES (N'201502101906069_mig1', N'treatment.Migrations.Configuration', 0x1F8B0800000000000400ED1DCB6EE4B8F11E20FF20E89404B36E7BF6B231DABB98698F0746C6F6ECB467929B21B7E8B6103D3A92DAB037C897E5904FCA2F847AF3FD96D41E04BEB445B248D68B64B158F5DF7FFF67F9CB73127B4F202FA22C3DF34F8E8E7D0FA49B2C8CD2ED99BF2F1F7EF8C9FFE5E7DFFF6EF9214C9EBD6F5DBD1FAB7AB0655A9CF98F65B93B5D2C8ACD234882E22889367956640FE5D1264B1641982DDE1E1FFF797172B20010840F6179DEF2CB3E2DA304D4FFC07F5759BA01BB721FC4575908E2A2FD0E4BD63554EF3A4840B10B36E0CC2F7310940948CBA3A6AEEFBD8BA3008E630DE207DF0BD2342B83128EF2F46B01D6659EA5DBF50E7E08E2DB971D80F51E82B800EDE84F87EAAA13397E5B4D643134EC406DF64599259A004F7E6C31B3209B1BE1D7EF310771F701E2B87CA9665DE3EFCC5F6549B24FE1B7551CA5D1C6F7C83E4F57715ED5A7B17C44B47DE3F535DEF46C01B9A7FA7BE3ADF671B9CFC1590AF6651EC46FBCCFFBFB38DAFC05BCDC667F07E959BA8F6374A870B0B00CFB003F7DCEB31DC8CB972FE0813D81CB73DF5BE06016249C1E0A1F4433E3CBB4FCF1ADEF5DC3A105F731E8F904C1CEBACC72F011A4200F4A107E0ECA12E490CC9721A8314D0D86E8FAF631480379876220CDB0ABDF1D1CC8E350587DEF2A78FE04D26DF978E6C39FBE77113D83B0FBD2C2FE0ADB427A56F4DD0379DFD7C153B4ADE74E8CE23CDB405C34638112F805C475ADE231DA35827884D6B8A318EF22CF922F594C4022EBDDDD06F9169470A29942E575B6CF371A73B80261B48952209A055E47340F714D6A2692EABA73A9598B3983BA84845FA02367D7A046CCA9A63DD24E6DB011DE178B70CDAD440F9A5B9335EEE562509942458AF2A19616451BCEA3424D74E6944AB2C190B596D4D5F2AAEC4B71E558AAAFE34F25D5D7B1BD9EFA160CFE8E50F0E4A0F1728E9E262A39903803599B47CA062ED6953555FE772D718E761492AE40116DD3767B3B7A5FDB1C8C3FA5F50E6CE0D922FA6DA459596FC1344599AD7738F2EE7CD1EFC49CB5D6B723E12FF16D052B3DD343D35235B7838A9943DBF4DD9B281CACF1543A6705AB01EB55DECD5EE15B068772BD4FEE413EBAB6B8B92F40FE3491028494E93AA97EDF4689CD914F65E763B97B27758F7C9FEF60C3A3A57CF82324B493B666EC0E84120DD955BB43141563BC7435BEDE64D475A3423BC066AAB46BFDFF6392A5D616031A8834B63ACA8AF13BF9B57CF9183D81D40E27D75939FE507B0AA27A7A827D23A238C651345C1D29504A468A06B7A1696919BCE93C2A061F8389C2A1214CA57E7EDD076DBD39AD341C74DC753FA635FB38B3159302A4685AD6B57B0B27714759C7E9E19375B8466EAAA2D5FEC2685B31EF6E02654853219F52BCBB3E27BA66227AFF2B88B68FE52A4BCB20AA4D0623AFC4571FEFAE3E4D3F4D431DEAE43ECB48BC797A89AB07CC8E0FCD5596CE91A16A3193E5A5BBD2D5B6BAA8DD053BB4F24605E4EC8DF579A11EF838C662D5D597734436BDE8A4F6ABE2FB506593438B70B669B62DBCAB3BC3ADB278117DB74294DB5DABF483D4B958691BCD74B58230B2F6E58AB210B817BC8965A6632C3BE6A36E0338CC69C67CA00041A1B78F6BDBCCC47A4DE7469C37349D8CF19A2EE7D9C3F5477CF87D0342488DE9C7F039070F200721625A1D7708DA4798C62666708CA91ACE7B94A94660739CE9DA4F77CB5D80B691632DAC4CF5FAA2498BDC758B79E85C776D42E0BEE154949DF2FE6E122F897761988362FC736F6578BEB9781FE5E5E34422F1AE28B24D54539DE1C54099CCF0D17F48434FC771AA9910E99005E7062526DA4119816DCEFC3F515852ECA7DF970FFD50263FBCAB139F14BB9BF41CC4A004DEBB4DE331BE0A8A4D10D29483F80CF12F5FEAB52DADFCDA57707707653F4A4B5AACA37413ED82586342040CA67290FA615743EE3B274BCEC10EA495706B90D3D9A8FACE0904CBF0B95C20CCABC2D384DF8D98C7784E38240F8FCA52924131185E4FB02C58968D1F15A6E079E21970281B1FB683988021F96E193C0650F0D118B800B92154D7AD0A3EDCCA8AF5F8E8E8845C800C90D38A987CC4A433883354902E6E938ABF9178F2C63E9968F2A8F29AC49271D72EE515D1C53B831F874B3303BE14791329F0FE0171297F262AFC22F0B334E3593E111D0C67020E965C79F3184BF5FE7BE02DD2D5439D8955DF65BDA25DBCDA94A6DFC7AB91F535EDE4B9D7A5326EE3DF9DD23C2DDFCDA875C160652DB1D159B9D8776DDC854472F186AC21CDE5EF24871CD9BB47658DE0E8A423C692D282C0BE8DD65B9B8458B11CC514876FE2728B7BC4E5DD74217BEEFE72749A4337EFE257221EAE0EDA6C8428EDA3B957B27AA76C3602EC47E09CED1AEB66EBA1047272D53A7F5F158167D6B5FAD702B4F6FEA2B59C92FC50815E8392EBFB30985679EA895A3B7090C483300A1E6ED55102C607230580BE0DA36020670A5530C86D1F1FDCB0F64AC0527E52144C728D55042802259F6C7B714F4FB05110329AB5D2C2A45AAFF464409AEB65268CEE625F1117D5DD9C081FCD35A904587D0DC482D25EBB11CD11C9664B06EDC08B345179E94DAA21CDFB8B7E7E94C0520A4EF3C602814C6B1772C1C2F1A48C43F2D5290F77222BB9BA9D9CC2950A9638E66D55BC1BA046F03C8EC68FA2D156D36C8BCC0E55BC0264C90DB5E3F213FD3E4F842B960D57CD8A6B8319C26E2B67471B3CB05EE6085022332E6A9B1759884256351584090C8A4A6430409FEC75068D411DE39689790B9929B5CB102051D1A035AE50F2FDC8F978141B51F4CC280CDCA9618D6B3551A78689EC727C931962AB6059D1B1ADA0E2D46E1A45022A36898CBC7120DD52197B06D1E15EE9788FAAE661172CDA2B704EE552C40A30D0B9C7F407C8BE6CB968021EB61F960B4E64C4E555B0DB45E9168994D87EF1D64D98C4D50F6BFD088249036381731C79DCED7B822B5BB0054469C51B21B888F2A27AD91ADCD70781559830AA51C765CE0EBFEB907322A689D79D00BA86D5EFA6B12CAE21C3DAD002B98073AD1AD6D3067C51A021785518CB200E72F9F3C75516EF9354D908CE87DD1BE150885CCB9C608C75DF8DDB1B3638E43B0D6DB92090469964281A5176329CF64A9C213B4B68B0056603D1E70971731EB2497AE9916AB8CD4661F0EFB8054477C098B3B28013E21B935D9DE0EE488606F1A261F1E4940B0D8DD38581430B74E035B1B87050CD37752864A82D141A5976300C891C62AC78927B7A53604B415BEEFA81FA16606B88C8E9800F6F08F8846992FEEB1C6A0E731C47816105EAF0B0E04E283CAC4063A67560106C96F597C3E3EDE10CE686C77B43B805AFF3618CB3FCBA9698E1320005C6BB2210F2516D3EC7A58536A88B200C61755028C35775484D681D144AF3C500CFB478104507232772C387869010F74DFA122203206348F6A65016CD46C85E7D24048CBDFAAFD3EE5C65F3C7C2CBB050805538382674C47E168CA7CF723C4C9B1190DE25E325EA10A948252850AA5063A44D44126C88CDA731856AAE5D04CF96A7B373A8EFBD0D760BEC76635B555077156C5D16B8B14846453335F2F960683DD85CED0EE89D9382C1119DDB741A62E1E12058F00E8D649D9F871DC55A97100382F15A0A8C175DA805C274C10EDEA0008B412CB4C060F38A844560EE60917275E88C8007287046F1C17019EE0AE46487521F72CC7729ECE6B2BD4517D680B5BB60874C10B21F1AB4803CC0F5050743C4D605CB8A7A8DB7963ED938ED84B61F92509C980752380E6D48B4A6D155317DF4001448FF51CFFAD44707208D507DC1F4BC87DFAA720C52B47F878AD9896EA56C49AD6E8C79BA5EFD858E83332DD919DB231A19ADCD44B83EE20E2D64C2C1C2D35518D5DEFF97451562A40F4E618521F2EA5E9B0FF9EE310AEB16DD48CF82C3A0A0CC9F4691801A860FEA059336D7C93C7634C76C6AB5B2673F15ECC8398EF21921ABF47AB7FDD2FFDFFB8CB4FE1AF2149B94034753C5F7201E9EA2B072DE58BF1425488EAA0A47EB7FC4107F9552EC2B5C0569F4008AB28941E4BF3D3EFE89C8D379383933174511622192E4893371DACD9EBA32AA502F8DA26412E893E8837ACD729986E0F9CCFF67DDE6D4BBFCDB5DDBEC8D7793433E38F58EBD7F39C871993E05F9E631C8FF9004CF7F7415858DEFA431458E8851884666C451A55AD7CE8E6C42FE54180505406338BA99E40CE8ED2EA9DB88B457921AC35C6D96F0D07C6C56A0D839D734401AA40333E017D769B946E11A321357DDC96BD23A8CF07F56CCC548D165C7F7487A9710FE2E95D27089552BEB0863A56AD555AF0B61625F04BEDA459727AA2ABBA5A1A995100C6E212E3816C9D4640588CCC664A25BD05C4C568361E65B1A63CD109DCEE7CE0C340AFF93892C4CC83CEBDE918F3F462A2193D9B14D007A1364C1184149DBE866B7696E46E15556661B9DC3250D9193ADC64A57611969EC86A72F9C9A995A4C36C68EB2A68C738CA27244286F67FB9656BA87CAB032C622C57683982303C7A8441C1D8D2CE784E993498C83433A7F849D2AE2E784B083CBCDF3308AD590EF1F30670285912C4A54CE8431848871753F6D8E825190E7DA2EE1CCB047A417B0366E1029041C7088A334014C1F8019827CB2C3F34C1D485DFED0D9E0D2CA338DF3FFAAC2801A04F49F3B76FF3C3CC67D38AB7E99322E471D4AC4EF297498248E2C123D881D70EF3BD542A287B4D2BED5BCAB26E52449D682B9D5D13C6C36B522D263AA43D1422679076608F92F0820669BECC02E9BC0BC4903BEEF1C0187B7792703BD3202957EE71B78E9D3E3C3DDC21B47F27719B27F2ECED1D218A2B7B5E3F28AAA1BF1144BA4418283D9121958A84A97A90B264B5160A2085F57528239D31028F2B2E3AC0353E61950E7D603492B4086532449D73E0CE138AB2B240C68FCFBCFFCF03E83946FCCB5D2089F64BFB87D89EA142F66F5280EB7CDEE4E907780DF851C3872B0A1E02365AC2E04518BB9BD0CFB0A7E6F431D61AFDCC7BD92D4060A990D58FDCA62E5F23A15663F1075A480D5465DD1986CBE33B1C78EE04AB15CAF8969A6EB8B986CC70B35CBCBAA204AAAC0ECA04FC6A088FFC6C78F4B83A6584487366783A4BB36F702D54FFB9DD54197C781803C67BE068E4665467FA5D7099E691E0122CCB87260291818033F88498F9E5CC11517506B0BF1B2D8252A9CA44C30A3FB84D39C242382DA3464E64A160C6EDA9F83CE72E04A1CD8DB10D63B6777E819396D017312078384B19311D0B1F18553B7E0A3434932C04C2B20D60C6A88729343807EF70DCFA8FBB47A88D4FCD73CF5EB4154CFDA53B0C14EA77D9DCBF421EB0ECAC488BA2A94C35A1984F0E8FA2E2FA38760D378FF1545946E7DEF5B10EF61950FC93D082FD39B7DB9DB9770CA20B98FB11075D5615BD47F9D28011FF3F26657FD57B898021C6654BDDDBA49DFEFA338ECC77DC1F023E480A84EF1AD775945CBB2F232DBBEF490AE335243F000B5E8EB8D0FB720D9C510587193AE83276032B6AF05F804B6C1E6A57BBECF072227048EF6E579146CF320295A18437BF82FE4E13079FEF97F07E4511687B40000, N'6.1.2-31219')
INSERT [dbo].[__MigrationHistory] ([MigrationId], [ContextKey], [Model], [ProductVersion]) VALUES (N'201502101907471_mig1', N'treatment.Migrations.Configuration', 0x1F8B0800000000000400ED1DCB6EE4B8F11E20FF20E89404B36E7BF6B231DABB98698F0746C6F6ECB467929B21B7E8B6103D3A92DAB037C897E5904FCA2F847AF3FD96D41E04BEB445B248D68B64B158F5DF7FFF67F9CB73127B4F202FA22C3DF34F8E8E7D0FA49B2C8CD2ED99BF2F1F7EF8C9FFE5E7DFFF6EF9214C9EBD6F5DBD1FAB7AB0655A9CF98F65B93B5D2C8ACD234882E22889367956640FE5D1264B1641982DDE1E1FFF797172B20010840F6179DEF2CB3E2DA304D4FFC07F5759BA01BB721FC4575908E2A2FD0E4BD63554EF3A4840B10B36E0CC2F7310940948CBA3A6AEEFBD8BA3008E630DE207DF0BD2342B83128EF2F46B01D6659EA5DBF50E7E08E2DB971D80F51E82B800EDE84F87EAAA13397E5B4D643134EC406DF64599259A004F7E6C31B3209B1BE1D7EF310771F701E2B87CA9665DE3EFCC5F6549B24FE1B7551CA5D1C6F7C83E4F57715ED5A7B17C44B47DE3F535DEF46C01B9A7FA7BE3ADF671B9CFC1590AF6651EC46FBCCFFBFB38DAFC05BCDC667F07E959BA8F6374A870B0B00CFB003F7DCEB31DC8CB972FE0813D81CB73DF5BE06016249C1E0A1F4433E3CBB4FCF1ADEF5DC3A105F731E8F904C1CEBACC72F011A4200F4A107E0ECA12E490CC9721A8314D0D86E8FAF631480379876220CDB0ABDF1D1CC8E350587DEF2A78FE04D26DF978E6C39FBE77113D83B0FBD2C2FE0ADB427A56F4DD0379DFD7C153B4ADE74E8CE23CDB405C34638112F805C475ADE231DA35827884D6B8A318EF22CF922F594C4022EBDDDD06F9169470A29942E575B6CF371A73B80261B48952209A055E47340F714D6A2692EABA73A9598B3983BA84845FA02367D7A046CCA9A63DD24E6DB011DE178B70CDAD440F9A5B9335EEE562509942458AF2A19616451BCEA3424D74E6944AB2C190B596D4D5F2AAEC4B71E558AAAFE34F25D5D7B1BD9EFA160CFE8E50F0E4A0F1728E9E262A39903803599B47CA062ED6953555FE772D718E761492AE40116DD3767B3B7A5FDB1C8C3FA5F50E6CE0D922FA6DA459596FC1344599AD7738F2EE7CD1EFC49CB5D6B723E12FF16D052B3DD343D35235B7838A9943DBF4DD9B281CACF1543A6705AB01EB55DECD5EE15B068772BD4FEE413EBAB6B8B92F40FE3491028494E93AA97EDF4689CD914F65E763B97B27758F7C9FEF60C3A3A57CF82324B493B666EC0E84120DD955BB43141563BC7435BEDE64D475A3423BC066AAB46BFDFF6392A5D616031A8834B63ACA8AF13BF9B57CF9183D81D40E27D75939FE507B0AA27A7A827D23A238C651345C1D29504A468A06B7A1696919BCE93C2A061F8389C2A1214CA57E7EDD076DBD39AD341C74DC753FA635FB38B3159302A4685AD6B57B0B27714759C7E9E19375B8466EAAA2D5FEC2685B31EF6E02654853219F52BCBB3E27BA66227AFF2B88B68FE52A4BCB20AA4D0623AFC4571FEFAE3E4D3F4D431DEAE43ECB48BC797A89AB07CC8E0FCD5596CE91A16A3193E5A5BBD2D5B6BAA8DD053BB4F24605E4EC8DF579A11EF838C662D5D597734436BDE8A4F6ABE2FB506593438B70B669B62DBCAB3BC3ADB278117DB74294DB5DABF483D4B958691BCD74B58230B2F6E58AB210B817BC8965A6632C3BE6A36E0338CC69C67CA00041A1B78F6BDBCCC47A4DE7469C37349D8CF19A2EE7D9C3F5477CF87D0342488DE9C7F039070F200721625A1D7708DA4798C62666708CA91ACE7B94A94660739CE9DA4F77CB5D80B691632DAC4CF5FAA2498BDC758B79E85C776D42E0BEE154949DF2FE6E122F897761988362FC736F6578BEB9781FE5E5E34422F1AE28B24D54539DE1C54099CCF0D17F48434FC771AA9910E99005E7062526DA4119816DCEFC3F515852ECA7DF970FFD50263FBCAB139F14BB9BF41CC4A004DEBB4DE331BE0A8A4D10D29483F80CF12F5FEAB52DADFCDA57707707653F4A4B5AACA37413ED82586342040CA67290FA615743EE3B274BCEC10EA495706B90D3D9A8FACE0904CBF0B95C20CCABC2D384DF8D98C7784E38240F8FCA52924131185E4FB02C58968D1F15A6E079E21970281B1FB683988021F96E193C0650F0D118B800B92154D7AD0A3EDCCA8AF5F8E8E8845C800C90D38A987CC4A433883354902E6E938ABF9178F2C63E9968F2A8F29AC49271D72EE515D1C53B831F874B3303BE14791329F0FE0171297F262AFC22F0B334E3593E111D0C67020E965C79F3184BF5FE7BE02DD2D5439D8955DF65BDA25DBCDA94A6DFC7AB91F535EDE4B9D7A5326EE3DF9DD23C2DDFCDA875C160652DB1D159B9D8776DDC854472F186AC21CDE5EF24871CD9BB47658DE0E8A423C692D282C0BE8DD65B9B8458B11CC514876FE2728B7BC4E5DD74217BEEFE72749A4337EFE257221EAE0EDA6C8428EDA3B957B27AA76C3602EC47E09CED1AEB66EBA1047272D53A7F5F158167D6B5FAD702B4F6FEA2B59C92FC50815E8392EBFB30985679EA895A3B7090C483300A1E6ED55102C607230580BE0DA36020670A5530C86D1F1FDCB0F64AC0527E52144C728D55042802259F6C7B714F4FB05110329AB5D2C2A45AAFF464409AEB65268CEE625F1117D5DD9C081FCD35A904587D0DC482D25EBB11CD11C9664B06EDC08B345179E94DAA21CDFB8B7E7E94C0520A4EF3C602814C6B1772C1C2F1A48C43F2D5290F77222BB9BA9D9CC2950A9638E66D55BC1BA046F03C8EC68FA2D156D36C8BCC0E55BC0264C90DB5E3F213FD3E4F842B960D57CD8A6B8319C26E2B67471B3CB05EE6085022332E6A9B1759884256351584090C8A4A6430409FEC75068D411DE39689790B9929B5CB102051D1A035AE50F2FDC8F978141B51F4CC280CDCA9618D6B3551A78689EC727C931962AB6059D1B1ADA0E2D46E1A45022A36898CBC7120DD52197B06D1E15EE9788FAAE661172CDA2B704EE552C40A30D0B9C7F407C8BE6CB968021EB61F960B4E64C4E555B0DB45E9168994D87EF1D64D98C4D50F6BFD088249036381731C79DCED7B822B5BB0054469C51B21B888F2A27AD91ADCD70781559830AA51C765CE0EBFEB907322A689D79D00BA86D5EFA6B12CAE21C3DAD002B98073AD1AD6D3067C51A021785518CB200E72F9F3C75516EF9354D908CE87DD1BE150885CCB9C608C75DF8DDB1B3638E43B0D6DB92090469964281A5176329CF64A9C213B4B68B0056603D1E70971731EB2497AE9916AB8CD4661F0EFB8054477C098B3B28013E21B935D9DE0EE488606F1A261F1E4940B0D8DD38581430B74E035B1B87050CD37752864A82D141A5976300C891C62AC78927B7A53604B415BEEFA81FA16606B88C8E9800F6F08F8846992FEEB1C6A0E731C47816105EAF0B0E04E283CAC4063A67560106C96F597C3E3EDE10CE686C77B43B805AFF3618CB3FCBA9698E1320005C6BB2210F2516D3EC7A58536A88B200C61755028C35775484D681D144AF3C500CFB478104507232772C387869010F74DFA122203206348F6A65016CD46C85E7D24048CBDFAAFD3EE5C65F3C7C2CBB050805538382674C47E168CA7CF723C4C9B1190DE25E325EA10A948252850AA5063A44D44126C88CDA731856AAE5D04CF96A7B373A8EFBD0D760BEC76635B555077156C5D16B8B14846453335F2F960683DD85CED0EE89D9382C1119DDB741A62E1E12058F00E8D649D9F871DC55A97100382F15A0A8C175DA805C274C10EDEA0008B412CB4C060F38A844560EE60917275E88C8007287046F1C17019EE0AE46487521F72CC7729ECE6B2BD4517D680B5BB60874C10B21F1AB4803CC0F5050743C4D605CB8A7A8DB7963ED938ED84B61F92509C980752380E6D48B4A6D155317DF4001448FF51CFFAD44707208D507DC1F4BC87DFAA720C52B47F878AD9896EA56C49AD6E8C79BA5EFD858E83332DD919DB231A19ADCD44B83EE20E2D64C2C1C2D35518D5DEFF97451562A40F4E618521F2EA5E9B0FF9EE310AEB16DD48CF82C3A0A0CC9F4691801A860FEA059336D7C93C7634C76C6AB5B2673F15ECC8398EF21921ABF47AB7FDD2FFDFFB8CB4FE1AF2149B94034753C5F7201E9EA2B072DE58BF1425488EAA0A47EB7FC4107F9552EC2B5C0569F4008AB28941E4BF3D3EFE89C8D379383933174511622192E4893371DACD9EBA32AA502F8DA26412E893E8837ACD729986E0F9CCFF67DDE6D4BBFCDB5DDBEC8D7793433E38F58EBD7F39C871993E05F9E631C8FF9004CF7F7415858DEFA431458E8851884666C451A55AD7CE8E6C42FE54180505406338BA99E40CE8ED2EA9DB88B457921AC35C6D96F0D07C6C56A0D839D734401AA40333E017D769B946E11A321357DDC96BD23A8CF07F56CCC548D165C7F7487A9710FE2E95D27089552BEB0863A56AD555AF0B61625F04BEDA459727AA2ABBA5A1A995100C6E212E3816C9D4640588CCC664A25BD05C4C568361E65B1A63CD109DCEE7CE0C340AFF93892C4CC83CEBDE918F3F462A2193D9B14D007A1364C1184149DBE866B7696E46E15556661B9DC3250D9193ADC64A57611969EC86A72F9C9A995A4C36C68EB2A68C738CA27244286F67FB9656BA87CAB032C622C57683982303C7A8441C1D8D2CE784E993498C83433A7F849D2AE2E784B083CBCDF3308AD590EF1F30670285912C4A54CE8431848871753F6D8E825190E7DA2EE1CCB047A417B0366E1029041C7088A334014C1F8019827CB2C3F34C1D485DFED0D9E0D2CA338DF3FFAAC2801A04F49F3B76FF3C3CC67D38AB7E99322E471D4AC4EF297498248E2C123D881D70EF3BD542A287B4D2BED5BCAB26E52449D682B9D5D13C6C36B522D263AA43D1422679076608F92F0820669BECC02E9BC0BC4903BEEF1C0187B7792703BD3202957EE71B78E9D3E3C3DDC21B47F27719B27F2ECED1D218A2B7B5E3F28AAA1BF1144BA4418283D9121958A84A97A90B264B5160A2085F57528239D31028F2B2E3AC0353E61950E7D603492B4086532449D73E0CE138AB2B240C68FCFBCFFCF03E83946FCCB5D2089F64BFB87D89EA142F66F5280EB7CDEE4E907780DF851C3872B0A1E02365AC2E04518BB9BD0CFB0A7E6F431D61AFDCC7BD92D4060A990D58FDCA62E5F23A15663F1075A480D5465DD1986CBE33B1C78EE04AB15CAF8969A6EB8B986CC70B35CBCBAA204AAAC0ECA04FC6A088FFC6C78F4B83A6584487366783A4BB36F702D54FFB9DD54197C781803C67BE068E4665467FA5D7099E691E0122CCB87260291818033F88498F9E5CC11517506B0BF1B2D8252A9CA44C30A3FB84D39C242382DA3464E64A160C6EDA9F83CE72E04A1CD8DB10D63B6777E819396D017312078384B19311D0B1F18553B7E0A3434932C04C2B20D60C6A88729343807EF70DCFA8FBB47A88D4FCD73CF5EB4154CFDA53B0C14EA77D9DCBF421EB0ECAC488BA2A94C35A1984F0E8FA2E2FA38760D378FF1545946E7DEF5B10EF61950FC93D082FD39B7DB9DB9770CA20B98FB11075D5615BD47F9D28011FF3F26657FD57B898021C6654BDDDBA49DFEFA338ECC77DC1F023E480A84EF1AD775945CBB2F232DBBEF490AE335243F000B5E8EB8D0FB720D9C510587193AE83276032B6AF05F804B6C1E6A57BBECF072227048EF6E579146CF320295A18437BF82FE4E13079FEF97F07E4511687B40000, N'6.1.2-31219')
INSERT [dbo].[__MigrationHistory] ([MigrationId], [ContextKey], [Model], [ProductVersion]) VALUES (N'201502101912346_mig1', N'treatment.Migrations.Configuration', 0x1F8B0800000000000400ED1DCB6EE4B8F11E20FF20E89404B36E7BF6B231DABB98698F0746C6F6ECB467929B21B7E8B6103D3A92DAB037C897E5904FCA2F847AF3FD96D41E04BEB445B248D68B64B158F5DF7FFF67F9CB73127B4F202FA22C3DF34F8E8E7D0FA49B2C8CD2ED99BF2F1F7EF8C9FFE5E7DFFF6EF9214C9EBD6F5DBD1FAB7AB0655A9CF98F65B93B5D2C8ACD234882E22889367956640FE5D1264B1641982DDE1E1FFF797172B20010840F6179DEF2CB3E2DA304D4FFC07F5759BA01BB721FC4575908E2A2FD0E4BD63554EF3A4840B10B36E0CC2F7310940948CBA3A6AEEFBD8BA3008E630DE207DF0BD2342B83128EF2F46B01D6659EA5DBF50E7E08E2DB971D80F51E82B800EDE84F87EAAA13397E5B4D643134EC406DF64599259A004F7E6C31B3209B1BE1D7EF310771F701E2B87CA9665DE3EFCC5F6549B24FE1B7551CA5D1C6F7C83E4F57715ED5A7B17C44B47DE3F535DEF46C01B9A7FA7BE3ADF671B9CFC1590AF6651EC46FBCCFFBFB38DAFC05BCDC667F07E959BA8F6374A870B0B00CFB003F7DCEB31DC8CB972FE0813D81CB73DF5BE06016249C1E0A1F4433E3CBB4FCF1ADEF5DC3A105F731E8F904C1CEBACC72F011A4200F4A107E0ECA12E490CC9721A8314D0D86E8FAF631480379876220CDB0ABDF1D1CC8E350587DEF2A78FE04D26DF978E6C39FBE77113D83B0FBD2C2FE0ADB427A56F4DD0379DFD7C153B4ADE74E8CE23CDB405C34638112F805C475ADE231DA35827884D6B8A318EF22CF922F594C4022EBDDDD06F9169470A29942E575B6CF371A73B80261B48952209A055E47340F714D6A2692EABA73A9598B3983BA84845FA02367D7A046CCA9A63DD24E6DB011DE178B70CDAD440F9A5B9335EEE562509942458AF2A19616451BCEA3424D74E6944AB2C190B596D4D5F2AAEC4B71E558AAAFE34F25D5D7B1BD9EFA160CFE8E50F0E4A0F1728E9E262A39903803599B47CA062ED6953555FE772D718E761492AE40116DD3767B3B7A5FDB1C8C3FA5F50E6CE0D922FA6DA459596FC1344599AD7738F2EE7CD1EFC49CB5D6B723E12FF16D052B3DD343D35235B7838A9943DBF4DD9B281CACF1543A6705AB01EB55DECD5EE15B068772BD4FEE413EBAB6B8B92F40FE3491028494E93AA97EDF4689CD914F65E763B97B27758F7C9FEF60C3A3A57CF82324B493B666EC0E84120DD955BB43141563BC7435BEDE64D475A3423BC066AAB46BFDFF6392A5D616031A8834B63ACA8AF13BF9B57CF9183D81D40E27D75939FE507B0AA27A7A827D23A238C651345C1D29504A468A06B7A1696919BCE93C2A061F8389C2A1214CA57E7EDD076DBD39AD341C74DC753FA635FB38B3159302A4685AD6B57B0B27714759C7E9E19375B8466EAAA2D5FEC2685B31EF6E02654853219F52BCBB3E27BA66227AFF2B88B68FE52A4BCB20AA4D0623AFC4571FEFAE3E4D3F4D431DEAE43ECB48BC797A89AB07CC8E0FCD5596CE91A16A3193E5A5BBD2D5B6BAA8DD053BB4F24605E4EC8DF579A11EF838C662D5D597734436BDE8A4F6ABE2FB506593438B70B669B62DBCAB3BC3ADB278117DB74294DB5DABF483D4B958691BCD74B58230B2F6E58AB210B817BC8965A6632C3BE6A36E0338CC69C67CA00041A1B78F6BDBCCC47A4DE7469C37349D8CF19A2EE7D9C3F5477CF87D0342488DE9C7F039070F200721625A1D7708DA4798C62666708CA91ACE7B94A94660739CE9DA4F77CB5D80B691632DAC4CF5FAA2498BDC758B79E85C776D42E0BEE154949DF2FE6E122F897761988362FC736F6578BEB9781FE5E5E34422F1AE28B24D54539DE1C54099CCF0D17F48434FC771AA9910E99005E7062526DA4119816DCEFC3F515852ECA7DF970FFD50263FBCAB139F14BB9BF41CC4A004DEBB4DE331BE0A8A4D10D29483F80CF12F5FEAB52DADFCDA57707707653F4A4B5AACA37413ED82586342040CA67290FA615743EE3B274BCEC10EA495706B90D3D9A8FACE0904CBF0B95C20CCABC2D384DF8D98C7784E38240F8FCA52924131185E4FB02C58968D1F15A6E079E21970281B1FB683988021F96E193C0650F0D118B800B92154D7AD0A3EDCCA8AF5F8E8E8845C800C90D38A987CC4A433883354902E6E938ABF9178F2C63E9968F2A8F29AC49271D72EE515D1C53B831F874B3303BE14791329F0FE0171297F262AFC22F0B334E3593E111D0C67020E965C79F3184BF5FE7BE02DD2D5439D8955DF65BDA25DBCDA94A6DFC7AB91F535EDE4B9D7A5326EE3DF9DD23C2DDFCDA875C160652DB1D159B9D8776DDC854472F186AC21CDE5EF24871CD9BB47658DE0E8A423C692D282C0BE8DD65B9B8458B11CC514876FE2728B7BC4E5DD74217BEEFE72749A4337EFE257221EAE0EDA6C8428EDA3B957B27AA76C3602EC47E09CED1AEB66EBA1047272D53A7F5F158167D6B5FAD702B4F6FEA2B59C92FC50815E8392EBFB30985679EA895A3B7090C483300A1E6ED55102C607230580BE0DA36020670A5530C86D1F1FDCB0F64AC0527E52144C728D55042802259F6C7B714F4FB05110329AB5D2C2A45AAFF464409AEB65268CEE625F1117D5DD9C081FCD35A904587D0DC482D25EBB11CD11C9664B06EDC08B345179E94DAA21CDFB8B7E7E94C0520A4EF3C602814C6B1772C1C2F1A48C43F2D5290F77222BB9BA9D9CC2950A9638E66D55BC1BA046F03C8EC68FA2D156D36C8BCC0E55BC0264C90DB5E3F213FD3E4F842B960D57CD8A6B8319C26E2B67471B3CB05EE6085022332E6A9B1759884256351584090C8A4A6430409FEC75068D411DE39689790B9929B5CB102051D1A035AE50F2FDC8F978141B51F4CC280CDCA9618D6B3551A78689EC727C931962AB6059D1B1ADA0E2D46E1A45022A36898CBC7120DD52197B06D1E15EE9788FAAE661172CDA2B704EE552C40A30D0B9C7F407C8BE6CB968021EB61F960B4E64C4E555B0DB45E9168994D87EF1D64D98C4D50F6BFD088249036381731C79DCED7B822B5BB0054469C51B21B888F2A27AD91ADCD70781559830AA51C765CE0EBFEB907322A689D79D00BA86D5EFA6B12CAE21C3DAD002B98073AD1AD6D3067C51A021785518CB200E72F9F3C75516EF9354D908CE87DD1BE150885CCB9C608C75DF8DDB1B3638E43B0D6DB92090469964281A5176329CF64A9C213B4B68B0056603D1E70971731EB2497AE9916AB8CD4661F0EFB8054477C098B3B28013E21B935D9DE0EE488606F1A261F1E4940B0D8DD38581430B74E035B1B87050CD37752864A82D141A5976300C891C62AC78927B7A53604B415BEEFA81FA16606B88C8E9800F6F08F8846992FEEB1C6A0E731C47816105EAF0B0E04E283CAC4063A67560106C96F597C3E3EDE10CE686C77B43B805AFF3618CB3FCBA9698E1320005C6BB2210F2516D3EC7A58536A88B200C61755028C35775484D681D144AF3C500CFB478104507232772C387869010F74DFA122203206348F6A65016CD46C85E7D24048CBDFAAFD3EE5C65F3C7C2CBB050805538382674C47E168CA7CF723C4C9B1190DE25E325EA10A948252850AA5063A44D44126C88CDA731856AAE5D04CF96A7B373A8EFBD0D760BEC76635B555077156C5D16B8B14846453335F2F960683DD85CED0EE89D9382C1119DDB741A62E1E12058F00E8D649D9F871DC55A97100382F15A0A8C175DA805C274C10EDEA0008B412CB4C060F38A844560EE60917275E88C8007287046F1C17019EE0AE46487521F72CC7729ECE6B2BD4517D680B5BB60874C10B21F1AB4803CC0F5050743C4D605CB8A7A8DB7963ED938ED84B61F92509C980752380E6D48B4A6D155317DF4001448FF51CFFAD44707208D507DC1F4BC87DFAA720C52B47F878AD9896EA56C49AD6E8C79BA5EFD858E83332DD919DB231A19ADCD44B83EE20E2D64C2C1C2D35518D5DEFF97451562A40F4E618521F2EA5E9B0FF9EE310AEB16DD48CF82C3A0A0CC9F4691801A860FEA059336D7C93C7634C76C6AB5B2673F15ECC8398EF21921ABF47AB7FDD2FFDFFB8CB4FE1AF2149B94034753C5F7201E9EA2B072DE58BF1425488EAA0A47EB7FC4107F9552EC2B5C0569F4008AB28941E4BF3D3EFE89C8D379383933174511622192E4893371DACD9EBA32AA502F8DA26412E893E8837ACD729986E0F9CCFF67DDE6D4BBFCDB5DDBEC8D7793433E38F58EBD7F39C871993E05F9E631C8FF9004CF7F7415858DEFA431458E8851884666C451A55AD7CE8E6C42FE54180505406338BA99E40CE8ED2EA9DB88B457921AC35C6D96F0D07C6C56A0D839D734401AA40333E017D769B946E11A321357DDC96BD23A8CF07F56CCC548D165C7F7487A9710FE2E95D27089552BEB0863A56AD555AF0B61625F04BEDA459727AA2ABBA5A1A995100C6E212E3816C9D4640588CCC664A25BD05C4C568361E65B1A63CD109DCEE7CE0C340AFF93892C4CC83CEBDE918F3F462A2193D9B14D007A1364C1184149DBE866B7696E46E15556661B9DC3250D9193ADC64A57611969EC86A72F9C9A995A4C36C68EB2A68C738CA27244286F67FB9656BA87CAB032C622C57683982303C7A8441C1D8D2CE784E993498C83433A7F849D2AE2E784B083CBCDF3308AD590EF1F30670285912C4A54CE8431848871753F6D8E825190E7DA2EE1CCB047A417B0366E1029041C7088A334014C1F8019827CB2C3F34C1D485DFED0D9E0D2CA338DF3FFAAC2801A04F49F3B76FF3C3CC67D38AB7E99322E471D4AC4EF297498248E2C123D881D70EF3BD542A287B4D2BED5BCAB26E52449D682B9D5D13C6C36B522D263AA43D1422679076608F92F0820669BECC02E9BC0BC4903BEEF1C0187B7792703BD3202957EE71B78E9D3E3C3DDC21B47F27719B27F2ECED1D218A2B7B5E3F28AAA1BF1144BA4418283D9121958A84A97A90B264B5160A2085F57528239D31028F2B2E3AC0353E61950E7D603492B4086532449D73E0CE138AB2B240C68FCFBCFFCF03E83946FCCB5D2089F64BFB87D89EA142F66F5280EB7CDEE4E907780DF851C3872B0A1E02365AC2E04518BB9BD0CFB0A7E6F431D61AFDCC7BD92D4060A990D58FDCA62E5F23A15663F1075A480D5465DD1986CBE33B1C78EE04AB15CAF8969A6EB8B986CC70B35CBCBAA204AAAC0ECA04FC6A088FFC6C78F4B83A6584487366783A4BB36F702D54FFB9DD54197C781803C67BE068E4665467FA5D7099E691E0122CCB87260291818033F88498F9E5CC11517506B0BF1B2D8252A9CA44C30A3FB84D39C242382DA3464E64A160C6EDA9F83CE72E04A1CD8DB10D63B6777E819396D017312078384B19311D0B1F18553B7E0A3434932C04C2B20D60C6A88729343807EF70DCFA8FBB47A88D4FCD73CF5EB4154CFDA53B0C14EA77D9DCBF421EB0ECAC488BA2A94C35A1984F0E8FA2E2FA38760D378FF1545946E7DEF5B10EF61950FC93D082FD39B7DB9DB9770CA20B98FB11075D5615BD47F9D28011FF3F26657FD57B898021C6654BDDDBA49DFEFA338ECC77DC1F023E480A84EF1AD775945CBB2F232DBBEF490AE335243F000B5E8EB8D0FB720D9C510587193AE83276032B6AF05F804B6C1E6A57BBECF072227048EF6E579146CF320295A18437BF82FE4E13079FEF97F07E4511687B40000, N'6.1.2-31219')
INSERT [dbo].[__MigrationHistory] ([MigrationId], [ContextKey], [Model], [ProductVersion]) VALUES (N'201502101916573_mig1', N'treatment.Migrations.Configuration', 0x1F8B0800000000000400ED1DCB6EE4B8F11E20FF20E89404B36E7BF6B231DABB98698F0746C6F6ECB467929B21B7E8B6103D3A92DAB037C897E5904FCA2F847AF3FD96D41E04BEB445B248D68B64B158F5DF7FFF67F9CB73127B4F202FA22C3DF34F8E8E7D0FA49B2C8CD2ED99BF2F1F7EF8C9FFE5E7DFFF6EF9214C9EBD6F5DBD1FAB7AB0655A9CF98F65B93B5D2C8ACD234882E22889367956640FE5D1264B1641982DDE1E1FFF797172B20010840F6179DEF2CB3E2DA304D4FFC07F5759BA01BB721FC4575908E2A2FD0E4BD63554EF3A4840B10B36E0CC2F7310940948CBA3A6AEEFBD8BA3008E630DE207DF0BD2342B83128EF2F46B01D6659EA5DBF50E7E08E2DB971D80F51E82B800EDE84F87EAAA13397E5B4D643134EC406DF64599259A004F7E6C31B3209B1BE1D7EF310771F701E2B87CA9665DE3EFCC5F6549B24FE1B7551CA5D1C6F7C83E4F57715ED5A7B17C44B47DE3F535DEF46C01B9A7FA7BE3ADF671B9CFC1590AF6651EC46FBCCFFBFB38DAFC05BCDC667F07E959BA8F6374A870B0B00CFB003F7DCEB31DC8CB972FE0813D81CB73DF5BE06016249C1E0A1F4433E3CBB4FCF1ADEF5DC3A105F731E8F904C1CEBACC72F011A4200F4A107E0ECA12E490CC9721A8314D0D86E8FAF631480379876220CDB0ABDF1D1CC8E350587DEF2A78FE04D26DF978E6C39FBE77113D83B0FBD2C2FE0ADB427A56F4DD0379DFD7C153B4ADE74E8CE23CDB405C34638112F805C475ADE231DA35827884D6B8A318EF22CF922F594C4022EBDDDD06F9169470A29942E575B6CF371A73B80261B48952209A055E47340F714D6A2692EABA73A9598B3983BA84845FA02367D7A046CCA9A63DD24E6DB011DE178B70CDAD440F9A5B9335EEE562509942458AF2A19616451BCEA3424D74E6944AB2C190B596D4D5F2AAEC4B71E558AAAFE34F25D5D7B1BD9EFA160CFE8E50F0E4A0F1728E9E262A39903803599B47CA062ED6953555FE772D718E761492AE40116DD3767B3B7A5FDB1C8C3FA5F50E6CE0D922FA6DA459596FC1344599AD7738F2EE7CD1EFC49CB5D6B723E12FF16D052B3DD343D35235B7838A9943DBF4DD9B281CACF1543A6705AB01EB55DECD5EE15B068772BD4FEE413EBAB6B8B92F40FE3491028494E93AA97EDF4689CD914F65E763B97B27758F7C9FEF60C3A3A57CF82324B493B666EC0E84120DD955BB43141563BC7435BEDE64D475A3423BC066AAB46BFDFF6392A5D616031A8834B63ACA8AF13BF9B57CF9183D81D40E27D75939FE507B0AA27A7A827D23A238C651345C1D29504A468A06B7A1696919BCE93C2A061F8389C2A1214CA57E7EDD076DBD39AD341C74DC753FA635FB38B3159302A4685AD6B57B0B27714759C7E9E19375B8466EAAA2D5FEC2685B31EF6E02654853219F52BCBB3E27BA66227AFF2B88B68FE52A4BCB20AA4D0623AFC4571FEFAE3E4D3F4D431DEAE43ECB48BC797A89AB07CC8E0FCD5596CE91A16A3193E5A5BBD2D5B6BAA8DD053BB4F24605E4EC8DF579A11EF838C662D5D597734436BDE8A4F6ABE2FB506593438B70B669B62DBCAB3BC3ADB278117DB74294DB5DABF483D4B958691BCD74B58230B2F6E58AB210B817BC8965A6632C3BE6A36E0338CC69C67CA00041A1B78F6BDBCCC47A4DE7469C37349D8CF19A2EE7D9C3F5477CF87D0342488DE9C7F039070F200721625A1D7708DA4798C62666708CA91ACE7B94A94660739CE9DA4F77CB5D80B691632DAC4CF5FAA2498BDC758B79E85C776D42E0BEE154949DF2FE6E122F897761988362FC736F6578BEB9781FE5E5E34422F1AE28B24D54539DE1C54099CCF0D17F48434FC771AA9910E99005E7062526DA4119816DCEFC3F515852ECA7DF970FFD50263FBCAB139F14BB9BF41CC4A004DEBB4DE331BE0A8A4D10D29483F80CF12F5FEAB52DADFCDA57707707653F4A4B5AACA37413ED82586342040CA67290FA615743EE3B274BCEC10EA495706B90D3D9A8FACE0904CBF0B95C20CCABC2D384DF8D98C7784E38240F8FCA52924131185E4FB02C58968D1F15A6E079E21970281B1FB683988021F96E193C0650F0D118B800B92154D7AD0A3EDCCA8AF5F8E8E8845C800C90D38A987CC4A433883354902E6E938ABF9178F2C63E9968F2A8F29AC49271D72EE515D1C53B831F874B3303BE14791329F0FE0171297F262AFC22F0B334E3593E111D0C67020E965C79F3184BF5FE7BE02DD2D5439D8955DF65BDA25DBCDA94A6DFC7AB91F535EDE4B9D7A5326EE3DF9DD23C2DDFCDA875C160652DB1D159B9D8776DDC854472F186AC21CDE5EF24871CD9BB47658DE0E8A423C692D282C0BE8DD65B9B8458B11CC514876FE2728B7BC4E5DD74217BEEFE72749A4337EFE257221EAE0EDA6C8428EDA3B957B27AA76C3602EC47E09CED1AEB66EBA1047272D53A7F5F158167D6B5FAD702B4F6FEA2B59C92FC50815E8392EBFB30985679EA895A3B7090C483300A1E6ED55102C607230580BE0DA36020670A5530C86D1F1FDCB0F64AC0527E52144C728D55042802259F6C7B714F4FB05110329AB5D2C2A45AAFF464409AEB65268CEE625F1117D5DD9C081FCD35A904587D0DC482D25EBB11CD11C9664B06EDC08B345179E94DAA21CDFB8B7E7E94C0520A4EF3C602814C6B1772C1C2F1A48C43F2D5290F77222BB9BA9D9CC2950A9638E66D55BC1BA046F03C8EC68FA2D156D36C8BCC0E55BC0264C90DB5E3F213FD3E4F842B960D57CD8A6B8319C26E2B67471B3CB05EE6085022332E6A9B1759884256351584090C8A4A6430409FEC75068D411DE39689790B9929B5CB102051D1A035AE50F2FDC8F978141B51F4CC280CDCA9618D6B3551A78689EC727C931962AB6059D1B1ADA0E2D46E1A45022A36898CBC7120DD52197B06D1E15EE9788FAAE661172CDA2B704EE552C40A30D0B9C7F407C8BE6CB968021EB61F960B4E64C4E555B0DB45E9168994D87EF1D64D98C4D50F6BFD088249036381731C79DCED7B822B5BB0054469C51B21B888F2A27AD91ADCD70781559830AA51C765CE0EBFEB907322A689D79D00BA86D5EFA6B12CAE21C3DAD002B98073AD1AD6D3067C51A021785518CB200E72F9F3C75516EF9354D908CE87DD1BE150885CCB9C608C75DF8DDB1B3638E43B0D6DB92090469964281A5176329CF64A9C213B4B68B0056603D1E70971731EB2497AE9916AB8CD4661F0EFB8054477C098B3B28013E21B935D9DE0EE488606F1A261F1E4940B0D8DD38581430B74E035B1B87050CD37752864A82D141A5976300C891C62AC78927B7A53604B415BEEFA81FA16606B88C8E9800F6F08F8846992FEEB1C6A0E731C47816105EAF0B0E04E283CAC4063A67560106C96F597C3E3EDE10CE686C77B43B805AFF3618CB3FCBA9698E1320005C6BB2210F2516D3EC7A58536A88B200C61755028C35775484D681D144AF3C500CFB478104507232772C387869010F74DFA122203206348F6A65016CD46C85E7D24048CBDFAAFD3EE5C65F3C7C2CBB050805538382674C47E168CA7CF723C4C9B1190DE25E325EA10A948252850AA5063A44D44126C88CDA731856AAE5D04CF96A7B373A8EFBD0D760BEC76635B555077156C5D16B8B14846453335F2F960683DD85CED0EE89D9382C1119DDB741A62E1E12058F00E8D649D9F871DC55A97100382F15A0A8C175DA805C274C10EDEA0008B412CB4C060F38A844560EE60917275E88C8007287046F1C17019EE0AE46487521F72CC7729ECE6B2BD4517D680B5BB60874C10B21F1AB4803CC0F5050743C4D605CB8A7A8DB7963ED938ED84B61F92509C980752380E6D48B4A6D155317DF4001448FF51CFFAD44707208D507DC1F4BC87DFAA720C52B47F878AD9896EA56C49AD6E8C79BA5EFD858E83332DD919DB231A19ADCD44B83EE20E2D64C2C1C2D35518D5DEFF97451562A40F4E618521F2EA5E9B0FF9EE310AEB16DD48CF82C3A0A0CC9F4691801A860FEA059336D7C93C7634C76C6AB5B2673F15ECC8398EF21921ABF47AB7FDD2FFDFFB8CB4FE1AF2149B94034753C5F7201E9EA2B072DE58BF1425488EAA0A47EB7FC4107F9552EC2B5C0569F4008AB28941E4BF3D3EFE89C8D379383933174511622192E4893371DACD9EBA32AA502F8DA26412E893E8837ACD729986E0F9CCFF67DDE6D4BBFCDB5DDBEC8D7793433E38F58EBD7F39C871993E05F9E631C8FF9004CF7F7415858DEFA431458E8851884666C451A55AD7CE8E6C42FE54180505406338BA99E40CE8ED2EA9DB88B457921AC35C6D96F0D07C6C56A0D839D734401AA40333E017D769B946E11A321357DDC96BD23A8CF07F56CCC548D165C7F7487A9710FE2E95D27089552BEB0863A56AD555AF0B61625F04BEDA459727AA2ABBA5A1A995100C6E212E3816C9D4640588CCC664A25BD05C4C568361E65B1A63CD109DCEE7CE0C340AFF93892C4CC83CEBDE918F3F462A2193D9B14D007A1364C1184149DBE866B7696E46E15556661B9DC3250D9193ADC64A57611969EC86A72F9C9A995A4C36C68EB2A68C738CA27244286F67FB9656BA87CAB032C622C57683982303C7A8441C1D8D2CE784E993498C83433A7F849D2AE2E784B083CBCDF3308AD590EF1F30670285912C4A54CE8431848871753F6D8E825190E7DA2EE1CCB047A417B0366E1029041C7088A334014C1F8019827CB2C3F34C1D485DFED0D9E0D2CA338DF3FFAAC2801A04F49F3B76FF3C3CC67D38AB7E99322E471D4AC4EF297498248E2C123D881D70EF3BD542A287B4D2BED5BCAB26E52449D682B9D5D13C6C36B522D263AA43D1422679076608F92F0820669BECC02E9BC0BC4903BEEF1C0187B7792703BD3202957EE71B78E9D3E3C3DDC21B47F27719B27F2ECED1D218A2B7B5E3F28AAA1BF1144BA4418283D9121958A84A97A90B264B5160A2085F57528239D31028F2B2E3AC0353E61950E7D603492B4086532449D73E0CE138AB2B240C68FCFBCFFCF03E83946FCCB5D2089F64BFB87D89EA142F66F5280EB7CDEE4E907780DF851C3872B0A1E02365AC2E04518BB9BD0CFB0A7E6F431D61AFDCC7BD92D4060A990D58FDCA62E5F23A15663F1075A480D5465DD1986CBE33B1C78EE04AB15CAF8969A6EB8B986CC70B35CBCBAA204AAAC0ECA04FC6A088FFC6C78F4B83A6584487366783A4BB36F702D54FFB9DD54197C781803C67BE068E4665467FA5D7099E691E0122CCB87260291818033F88498F9E5CC11517506B0BF1B2D8252A9CA44C30A3FB84D39C242382DA3464E64A160C6EDA9F83CE72E04A1CD8DB10D63B6777E819396D017312078384B19311D0B1F18553B7E0A3434932C04C2B20D60C6A88729343807EF70DCFA8FBB47A88D4FCD73CF5EB4154CFDA53B0C14EA77D9DCBF421EB0ECAC488BA2A94C35A1984F0E8FA2E2FA38760D378FF1545946E7DEF5B10EF61950FC93D082FD39B7DB9DB9770CA20B98FB11075D5615BD47F9D28011FF3F26657FD57B898021C6654BDDDBA49DFEFA338ECC77DC1F023E480A84EF1AD775945CBB2F232DBBEF490AE335243F000B5E8EB8D0FB720D9C510587193AE83276032B6AF05F804B6C1E6A57BBECF072227048EF6E579146CF320295A18437BF82FE4E13079FEF97F07E4511687B40000, N'6.1.2-31219')
INSERT [dbo].[__MigrationHistory] ([MigrationId], [ContextKey], [Model], [ProductVersion]) VALUES (N'201502101938566_mig1', N'treatment.Migrations.Configuration', 0x1F8B0800000000000400ED1DCB6EE4B8F11E20FF20E89404B36E7BF6B231DABB98698F0746C6F6ECB467929B21B7E8B6103D3A92DAB037C897E5904FCA2F847AF3FD96D41E04BEB445B248D68B64B158F5DF7FFF67F9CB73127B4F202FA22C3DF34F8E8E7D0FA49B2C8CD2ED99BF2F1F7EF8C9FFE5E7DFFF6EF9214C9EBD6F5DBD1FAB7AB0655A9CF98F65B93B5D2C8ACD234882E22889367956640FE5D1264B1641982DDE1E1FFF797172B20010840F6179DEF2CB3E2DA304D4FFC07F5759BA01BB721FC4575908E2A2FD0E4BD63554EF3A4840B10B36E0CC2F7310940948CBA3A6AEEFBD8BA3008E630DE207DF0BD2342B83128EF2F46B01D6659EA5DBF50E7E08E2DB971D80F51E82B800EDE84F87EAAA13397E5B4D643134EC406DF64599259A004F7E6C31B3209B1BE1D7EF310771F701E2B87CA9665DE3EFCC5F6549B24FE1B7551CA5D1C6F7C83E4F57715ED5A7B17C44B47DE3F535DEF46C01B9A7FA7BE3ADF671B9CFC1590AF6651EC46FBCCFFBFB38DAFC05BCDC667F07E959BA8F6374A870B0B00CFB003F7DCEB31DC8CB972FE0813D81CB73DF5BE06016249C1E0A1F4433E3CBB4FCF1ADEF5DC3A105F731E8F904C1CEBACC72F011A4200F4A107E0ECA12E490CC9721A8314D0D86E8FAF631480379876220CDB0ABDF1D1CC8E350587DEF2A78FE04D26DF978E6C39FBE77113D83B0FBD2C2FE0ADB427A56F4DD0379DFD7C153B4ADE74E8CE23CDB405C34638112F805C475ADE231DA35827884D6B8A318EF22CF922F594C4022EBDDDD06F9169470A29942E575B6CF371A73B80261B48952209A055E47340F714D6A2692EABA73A9598B3983BA84845FA02367D7A046CCA9A63DD24E6DB011DE178B70CDAD440F9A5B9335EEE562509942458AF2A19616451BCEA3424D74E6944AB2C190B596D4D5F2AAEC4B71E558AAAFE34F25D5D7B1BD9EFA160CFE8E50F0E4A0F1728E9E262A39903803599B47CA062ED6953555FE772D718E761492AE40116DD3767B3B7A5FDB1C8C3FA5F50E6CE0D922FA6DA459596FC1344599AD7738F2EE7CD1EFC49CB5D6B723E12FF16D052B3DD343D35235B7838A9943DBF4DD9B281CACF1543A6705AB01EB55DECD5EE15B068772BD4FEE413EBAB6B8B92F40FE3491028494E93AA97EDF4689CD914F65E763B97B27758F7C9FEF60C3A3A57CF82324B493B666EC0E84120DD955BB43141563BC7435BEDE64D475A3423BC066AAB46BFDFF6392A5D616031A8834B63ACA8AF13BF9B57CF9183D81D40E27D75939FE507B0AA27A7A827D23A238C651345C1D29504A468A06B7A1696919BCE93C2A061F8389C2A1214CA57E7EDD076DBD39AD341C74DC753FA635FB38B3159302A4685AD6B57B0B27714759C7E9E19375B8466EAAA2D5FEC2685B31EF6E02654853219F52BCBB3E27BA66227AFF2B88B68FE52A4BCB20AA4D0623AFC4571FEFAE3E4D3F4D431DEAE43ECB48BC797A89AB07CC8E0FCD5596CE91A16A3193E5A5BBD2D5B6BAA8DD053BB4F24605E4EC8DF579A11EF838C662D5D597734436BDE8A4F6ABE2FB506593438B70B669B62DBCAB3BC3ADB278117DB74294DB5DABF483D4B958691BCD74B58230B2F6E58AB210B817BC492E583E67BB7D8C99176D57958E41ED9898BA55E030B9191383020485DE7EB06D33130B379D1B71F0D07432066EBA9C672FD89B0AE0F70D082135A61FC3E71C3C801C84888976DC21681F851ADB9AC171A86A38EF91A81A81CDB1A86B3FDD6D7901DA468EB5B932D5EB0B2B2D72D72DE6A173DDB50981FB86535176CA7BC0493603EFC23007C5F8E7E7CA807D73F13ECACBC78944E25D51649BA8A63AC31B8232BDE1A3FF90869E8E03563321D2B10BCE0D4A4CB4833202DB9CF97FA2B0A4D84FBFBF1FFAA14C877857273E297637E939884109BC779BC6F37C15149B20A42907F119E25FBED46B5B5AF9C7AFE0EE0ECA7E9496B45847E926DA05B1C68408184CE520F5E7AE86DC774E969C831D482BE1D620A7B351F59D130896E173B940985785A709FF1D318FF19C79481E1E95A524836230BC9E6059B02C1B3F2A4CC1F3E833E050363E6C07310143F2DD3B780CA0E0EB31700172D3A8AE5B157CC19515EBF1D1D109B9001920A71531F98849A71267A8205DE526157F23F1E48D7D32D1E451E5358925E3CE5ECA2BA20B7C063F0E976F067C29F24A52E0FD03E252FE4C54F845E0AF69C6B37C223A18CE041C2CB93AE73196EA3DFAC05BA4CB883A13ABBEEF7A45BB78B5294DBF8F5723EB6BDAC973AF5D65DCC6BF83A5795ABE9B51EB82C1CA5A62A3B372B1EFECB80B89E4020F59439A4BE4490E39B2F793CA1AC1D149478C25A505817DABADB73609B162398A290EDFC4E516F788CBBBE942F6DCFD25EB34876EDE05B2443C5C1DB4D90851DA4773AF76F54ED96C04D88FC039DB35D6CDD6D309E4E4AA75FEBE2A02CFACEBF9AF0568EDFD456B3925F9A102BD0625D7876230ADF2D413B576E020898765143CDCAAA3048C0F460A007D6346C140CE14AA6090DB3E3EB861ED9580A5FCAD2898E41AAB0850044A3ED9F6E29E9E60A32064346BA58549B55EE9C98034D7CB4C18DDC5BE222EAABB39113E9A6B5209B0FA1A8805A5BD76239A2392CD960CDA111869A2F2629C54439AF717FDFC2881A5149CE68D050299D62EE48285E3491987E4EB551EEE445672753B39852B152C71CCDBAA7837408DE0991D8D1F45A3ADA6D916991DAA7805C8921B6AC7E527FA9D9F08572C1BAE9A15D7063384DD56CE8E367860BDF011A044665CD4362FB21085AC6A2A0813181495C860803ED92B0F1A833AC62D13F31632536A972140A2A2416B5CA1E4FBA3F3F12836A2E8995118B853C31AD76AA24E0D13D9E5F83833C456C1B2A2635B41C5A9DD348A04546C121979E340BAA532F60CA2C3BDD2F11E55CDC32E58B457E09CCAA5881560A0738FE90F907DD972D1044E6C3F2C179C088BCBAB60B78BD22D1271B1FDE2AD9B708BAB1FD6FA91089306C602E738F2B8DBF70457B6600B88D28A37427011E545F54236B8AF0F02AB306154A38ECB9C1D7ED721E7444C13AF3B01740DABDF4D63597C4486B5A1057201E75A35ACA70DF8A24043F0AA7098411CE4F26794AB2CDE27A9B2119C0FBB37C2A110B99639C118EBBE1BB7376C70C8771ADA7241208D32C95034A2EC6438ED9538437696D0600BCC06A2CF13E2E63C6493F4D223D5709B8DC2E0DF710B88EE803167650127C43726BB3AC1DD910C0D0646C3E2C929171A1AEF0B038716E8C06B627AE1A09A6FEA50C8905D2834B2EC60181239C458F124F7F4A6C09682B6DCF503F52DC0D61091D3011FDE10380AD324FDD739D41CE6388E02C30AD4E16141A250785881C64CEB0023D82CEB2F87C7DBC319CC0D8FF786700B5EE7C31867F9752D31C365000A8C774520E4A3DA7C8E4B0B6D50174118C2F3A05086AFEA909A103D2894E68B019E69F1208A0E464EE4860F0D2121EE9BF425440640C690EC4DA12C2A8E90BDFA880A187BF55FA7DDB9CAE68F85A961A100AB70704CE888FD2C184F9FE57898362320BD4BC64BD42152114F50A054A1C6489BC826D8109B4F630AD55CBB089E2D4F67E750DF7B1BEC16D8EDC6B6AAA0EE2AD8BA2C7063918C8A666AE4F3C1D07AB0B9DA1DD03B270583233AB7E934C4C2C34AB0E0E92A213476040A0FFD7E380CD0798DD8D1BF753031203FAFA5C014D2056E200C21EC50100AB018A4470B0CB6C2489005E67E1829D7E02B3A7C02C65E74F1C17019EE58E464BF531F99CCF73CECE6B29D4A172481B55761076010B21F1A02813C0EF6050743C4D6A1CB8A7A8DEF973ED938ED84962492509C080A52380E2D52B4A6D155317D2C021448FF51CF96D5C71A204D5A7DC1F4BC87DFD172CC5BB4B7888A118B6EA56C97ADEE9F79BA5EFDBD8F831332D919DBBF1A19ADCD44B81EE70EED6DC2C1C2B35A18D56F092E8B2A60491FEAC20A43A42380361FF29D6D14D62DBA919E3D88414199778E220135CC28D47B286DAE93F9FF688ED9D40666CF7E2AD891731CE5814256E9F56EFBA5FFBFF74069BD3FE4893F297790A68AEF413C3C4561E50AB27E294A901C55158ED6FF8821FE2AA5D857B80AD2E801146513D1C87F7B7CFC13913DF47032792E8A22C4022EC9D379E2B49B3DA16654A15E1A93C924FC28D107F536E6320DC1F399FFCFBACDA977F9B7BBB6D91BEF26877C70EA1D7BFF729079337D0AF2CD6390FF21099EFFE82AA61BDFE5638ACC15A3108DCCD3A34AB5AE9D1DD984FCA9300A0A80C67074F3DB19D0DB5DAAB91169AF24358619E42CE1A159E2AC40B133C1698034485266C02FAE93858DC235647EB0BA93D7A47518C104AD988B9138CC8EEF91A43321FC5D2A250713AB56D611C64AD5AAAB5E17C2C4BE567CB58B2E4F5455764B43532B21189C4C5C702C923FCA0A109923CA44B7A019A2AC06C3CC0235C69A213A9DCF9DAF6814FE27D36B989079D6BD231F7F8C044726B3639B00F426C882318292B6D1CD6E93EF8CC2ABAC7C3B3A874B1A2227878E95AEC2F2E4D80D4F5F3835F3C7986C8C1DE57219E7184565AE50DECEF62DAD740F95F7658C458AED5431475E905189E8EC344CA7FB7028484C1787E9135C8C43093AA7859D42E3E7A9B083CBCD3D318AED91EF653067528791EC52541E8731341AC30160DABC09A320CFB575C3994224521E589B4888B4060E38C451EA02A627C10C8147D92183A60EEE2E7F7C6D70F5E599E61E7855A1490D920CCC9D4F601E1EE33EE655BF921997A30E250AF9143A4C12DB168968C40E02F89D6A21D1E35E69DF6A3E5A9372922493C2DCEA681E369B5A11E931D5A16821935C0833A421100435B34DC06097E160DE4406DF77DE82C3DBBC93C16719C153BFF30DBCF439F4E16EE18DB30BB84C233017E768690CD17BDF717945D519798A25D220E9C26CC9152C54A5CB740A93A54D305184AF2B51C29CA9111479D971268429731FA873EB81A43A20433C92A46B9F97B0975C952406CD2B81333FBCCF20E51B73AD34EA28D92F6E5FA23AC58B593D8A4380B3BB13E442E07721078E1C6C28F84819AB0B4124656E2FC3BE82DFDB5047D82BF789B024DD8242B60556BFB2F8BDBC4E851919441D2960B5515734269BEF4CECB1A3CA522CD76B629AE9FA2226DBF1C2DFF2323D88123D303BE8134428E2BFF114E4D2A02916D1A1CD2321E9AECD0741F5D37E6775D0E5962020CF994382A351991169E97582679A478008B3C01C585A08C6C00F62D2A3277C70C505D4DA42BC4F76890A27691CCCE83EE13427C9D2A0360D99B99205839B8AE8A0332FB81207F63684F55ADA1D7A464EA5C09CC4C12061EC040974BC7EE1D42DF8E850121F30531D8835831AA2DCE435A05F8FC333EA3EAD9E3335FF350F067B10D5E3F8146CB0D3695FE7327DC8BA833231A2AE0AE5B05606213CBABECBCBE821D834DE7F4511A55BDFFB16C47B58E543720FC2CBF4665FEEF6259C3248EE632C6C5E75D816F55F276FC0C7BCBCD955FF152EA6008719552FC06ED2F7FB280EFB715F30FC083920AA537CEB5D56D1B2ACBCCCB62F3DA4EB8CD4103C402DFA7AE3C32D4876310456DCA4EBE009988CED6B013E816DB079E98200F081C80981A37D791E05DB3C488A16C6D01EFE0B79384C9E7FFE1FE6DB5B3063B50000, N'6.1.2-31219')
INSERT [dbo].[__MigrationHistory] ([MigrationId], [ContextKey], [Model], [ProductVersion]) VALUES (N'201502102015104_mig1', N'treatment.Migrations.Configuration', 0x1F8B0800000000000400ED1DD96EE4B8F13D40FE41D05312CCBAED99978D61EF62C69E1918191F3BED99E4CD905B745B888E8EA436EC0DF26579C827E517429DCDAB78EA682F02BFB445B24816AB8A6455B1EABFFFFECFC9CFCF49EC3DA1BC88B2F4D43F3A38F43D94AEB2304AD7A7FEB67CF8E147FFE79F7EFFBB938F61F2EC7DEFEABDABEAE1966971EA3F96E5E678B128568F28098A83245AE559913D9407AB2C590461B6787B78F8E7C5D1D10261103E86E579275FB7691925A8FE07FF7B96A52BB429B7417C9985282EDAEFB8645943F5AE8204159B60854EFD32474199A0B43C68EAFADEFB380AF03896287EF0BD204DB33228F1288FBF156859E659BA5E6EF08720BE7DD9205CEF21880BD48EFE78575D7722876FAB892C760D3B50AB6D51668921C0A3772D66166C732BFCFA3DE630EE3E621C972FD5AC6BFC9DFA6759926C53FCED2C8ED268E57B6C9FC767715ED5E7B17CC0B47DE3F535DEF46481A9A7FA7BE39D6DE3729BA3D3146DCB3C88DF7837DBFB385AFD05BDDC667F47E969BA8D6372A878B0B88CFA803FDDE4D906E5E5CB57F4209EC0C5B9EF2D68300B164E0F0506D1CCF8222DDFBDF5BD2B3CB4E03E463D9D10D85996598E3EA314E54189C29BA02C518E97F9224435A6B9C1305DDF3E0669A0EE500EA41976F5BB8383691C33ABEF5D06CF5F50BA2E1F4F7DFCD3F73E45CF28ECBEB4B0BFE1B6783DABF5DD2275DF57C153B4AEE7CE8CE23C5B615C3463C11CF815C575ADE231DA348C7840D6B8E308EF539E255FB39881C4D6BBBB0DF2352AF144338DCACB6C9BAF0CE67089C26815A548360BBA8E6C1EF29ADC4C14D54DE7529396700675090BBF20472EAEC18D18A8663CD24E6C8811DE17CB700D56E2070DD6148DFB64B1139952414AD2A19114251BCE23426D64E69442B2C190B3943495F2BAE4CB51E558A2AFA34F2DD1D791BD99F8960CFE8E11F0ECA0E972404E339506E0380B5E9B87CB76546CCA6BBAF43F34C70D74A25074858A689DB6C7DBD1FB5AE768FC292D376885EF16D1AF23CDCAF90866C8CA62B903F0FBE09B7EC7E6A2BDBE1D09BCC5B7159CE44C0FCD48D4DCEE44CC1CD2A6EFDE46E0508DA7923967B81A72DEE587392B60A1848202B982F99EE1195D6D937B948F2E74AEEF0B943F4D2447F102779D54BF6FA3C4E5E6A8738072BC04B0224C7D5DD096B90DA988A56D537647CA3A42D672A5FCA189AF627AB9929CEB8C642C8C4146081B6F00DDBD57B11174D5EE08792C182F5F0DDE1E0475DD4EA41D2D981C499B36339D497772CEF850AA2B22073C95365D4EA4E882C8157F5FA110AFC6F463B8C9D103CA514870CC7CFA3EC501CE58F671A74C583CBA1DE33AECD91DE7BAD6FF57D548B9C4F5E8B45BA4B1CF3259317E27BF942F9FA32794BAE1E42A2BC71F6ABF82E4216F82BB2BB1AB8F730A000F3092138395A0A1F5F84652866E3A8F88A1C7602370780853899F5FB6415B6F4E4D31808EBBEEC7B4AAE7C1EC552C03699AB74C6D6FD249DC71163A7EF86C1DD0D0C655743AFC5B1D2BE63D4D900469CBE453B277D7E73C3780BFA268FD589E65691944F57176E49DF8F2F3DDE597E9A769294307B1A95BB1372497403960777D68CCE9265786AAC54CDADFCEADC458F3ABE78F32E09D3E2A3065AF9CEF0BF5C0C73158E9EEBE80FECAD6D9823BAFCA7D32B4F5812DC2C597F6B6F0AEEE8CBEB1D345BCAA92297753A4F58334D1A4B58D6652A511846CAC4BD36682E1196F1223EF4DB6D9C6946DC27557E908D48D88399D1340E44E07C246C3607128AC1ACE7B30AC46E07238ECDA4FE7B750A0B6D1C034ADBDEAB5CDCF68B9EB16F3AC73DDB5CD02F70DA75AD9294DA99388C4F76198A362FC5B44A5C6BBFEF421CACBC78958E27D5164ABA85E75815F0AA780A047FF310D3D1357B86642AC8B1D9E1BE69868837904B739F5FFC46149B39FFE94B3EB8753A0D05D1DF92CDB5DA7E7284625F2DEAF9A37006741B10A427EE5303E43FACBD7DADE93562F15F0BD13EF4DD5CD9367EB285D459B203698100343281C949EF5D590FBCED99273B44169C5DC06CB39D8A8FACE1904ABF079B220885787A6194F2A398D416E552C0D8F4A528A410908DE8CB11C48568C1F1DA2807C2B2D28548C0FD7414C4090B0870C44001AEE323B2A20EC2DFAB255C32B5F5BB01E1E1C1CB11B903EB7F2D668902D24A66982293A578F695855E22A64B544765C0A62468B3D205F1333260531E13C864979B495F46AC661DDAF06E348D67776D25DC88AFEA0B14FB64340ABF29A760781015D492B326BBA801E7796300BBA94F9EF69D0FE1E51293C131D7A913870DBD12CBC88030C67020A56D8B121C2D2356AEF688BF5DFD02762DD079FAFE832A937A5E9AF937ACBFA9A2E94A00D54456DB04194A769F5A15AAF0B01291BB18DC9CE2536A0811B89C29A46EC218D45779203BCEA41B5B64418E8282FC792D6862036319BED4D52AC388E620A1D10636902AF6F90D9893873F716CF692E94903557C11E43DD24C508D13A47837656B37BA41801EE23189CEC1A257BEB76847276D73AFF5015A16791ADFC5B815AB353D12AF0597AA8402F51093A34EC34FC9078E2F60E1A24F3D29483472B17B580C1609400C8C7081C0CE24EA11A47A346100EA4D30BE98E8478CB018F68B77D2BC072FE531C4C769BD6042803A59E6C6B88E727D8C81815BA5B8613E2BB979B9A13A94CC4B2C934D67A05B0DA1A2982D25A7F99E604678B3983F7CA259AE8849060C590A119AD9F1FC7B09C8033349C119079E9C26E58349EB471C83E6787702733D6E89B6B385CE96009B0B2E8E2DD02359207B33C7E346D0786D6036276A4E095204B6D2F18999E048FD604D4A43026E89A13C8D5EF77141929C156002D543B5151B7C3CA8847A4D4D6536BBB900AA3C856F3A70B1E44EF8F242851695B8DF5AD2244117BB40EC2241AD6B1C848F50685C7A089B6CF46DF47CC943B334990A8A9E11B574AC1DEF2301EE55A2533BD9200777A5803D548FAAB61C3BB8007B6806D35544D26CA26929DDA23B08C41E53AA291773ED66956B0EDC9B41D5AFA0E5234EFCEF4B21D0F505328112BC140E7B6D6DFA8FBB29345135AB6FD70B20062D09E5C069B4D94AE8998B4ED176FD904A43DFB61691EAB3569602C688A63EFFF7D4F78670BD68829AD6823449FA2BCA8DEEF06F7F555F42C4C04D538FD0170E5E93A045404FCE27557A2AE61F5BB69AC8A202B50BFB4403EE1B9560DEB6923981578085E15303888835CFDC8F32C8BB749AA6D158061F75A491222A8AA948CB1EEBB7147A506477CE7A19D2C18A4713A2A6E8D38C521BDF65A94A1BA5C199005A51432A709797308D9EC7A992DD5CEBC4FC2808DFE92451F80306725814116DF7AD9F5177CB82523C325F2B0203E05A19111112970648109BC26EA210DAAF9A60F850D6A484263CBF68620A53774039A046F6F1A6429690BEE1FA4B305B587C8BC306078BBD07A9424E9BFCE21E608573C86C6210F3D1816F53884844615E8C3A362E991F0A80283B9D6A154A869D65FF6864F7AF5939BE46E6D1F16A21B6A3905F55061C504D04CE5B7285298908989727DE8821860247041F1DE50994061358C54EE0D510ED2198631CE81716819BF33C691C020139D0C526301A3E53B6F139341D885BB22A1ECBEEA436A425E91509A2F1678E6853053B4377CA256D519300963EF35E710150015418AAF31AA285352F2EA239450E4D57F9DF6AEA59A3F15F6498402AAC2DE11E140E4E74078E6240761DA6E01F983015DA20F918B204402E50A0D46DA440AA286D87C1A93A9E63A4540DA67939343ED7762715A10B71B5B0F487A9C51FBB2C4134D312A9EA889CF7BB3D63B2B81DBC5A47312B2B899804DA7592C3A4C8B089EA9102263B1503707E2FBDE1000EDB535C84E541F66ED77237173D51ED2054211ED22E2202B52A220C39CB007F5BE606F16B1F596735ABDC6B1CE7CD98076524D12BB50409414259C0135523CFB9BB27D1F6F8404D27F34D365F5F1445895565F303DEDD1F65E40F1C07B9EE8A817F856DA3ADECA960D5D48F51F530D7077613B133BAF13A3759908E8CE3FA026443A587C8A0EA3FAA1C645510525EAC3D9386188752A30A643D8714763DFE21B99DDD4052BA8F2F4D15C40830B2EF7D8CC98EA54BE448663B6D54EB8939F0E76D414C779B3B0557AB9DB7EE9FFEFBD595A4F12759A65CEB5A4A9E27B180F4F5158B9952C5F8A122507558583E53F628CBF4A28F6152E83347A4045D9442DF3DF1E1EFEC8E46ADE9FBCC98BA208A9A06AEAE4C9F4DACD9EBE38AA50AF8CBB66136895E9837B78749186E8F9D4FF67DDE6D8BBF8DB5DDBEC8D779D633A38F60EBD7F0D90E7387D0AF2D56390FF21099EFFA8806797C9D56249DD72748CB2686C5634DD55EBDAB92D9B943E3546C10130188E6936518BF51E2EB1E7886BAFC53596F93A1DE19139399D4089F36E1A80B4480969412F9263AD556AC651A886CDC65877F29AA40E979F4CBBF7AEA153F78278A54EB42D48EFE8C67644769F10FF2EB55238CA25BBE806E524E9F525BF032F0B7D4FA64F9F378EECE733E6991C9924E2E786CD82E70617CC6C37CA094FE1F4F16A8F79D0E6A0733EDF3575927B3B8793218414919BCD09109B7FCD663723B3AF390D4698616D8C538A4C1F34772EB051E89F4D5D63B3CCB3DE5660FC099287D9CC4EAC74329BA008C608FBB28B6C1E36B1D528B42ACA65E5B68702F9A99C64159583CA6D78E6CC69989BC9E62A36509EA4710E6F5C5618ED2B4CDFD249F6703995C6D8A4C40E1673E4DC19751107D3BFF0A974066424D8C961CEBC3123A9C5B854316390B7C0FF60DAD42CA3206F68EDC660DCC1645571569130995306A09081B2A3081D1966082A2B0E073575FE08F53B720BCB9B679BDEE455859DB5C8633277CA9279680C7C97AC6F111A97A2F625C2FC14324C11B79808CE240AA7F89B9542B277CACABEF55CC4A61049C6C95A664CCD320FA9C14F6D0DAC142392D6AB49B432F78E3613F94CBC971912CF9E6C6436A95266C8522209F1E79A9FC52D01CABC794E7EDB694DF6EFFEC706962606649A51E5959EBE944FADF7F716689D7C64C82C2373518E91C490BD251E975674DDE9A7D8222D72B2CC967BC541540E996D65B2AC2A3682F075E5519933738A262D0F9C2865CAD428FAD4BA279950D880A7ECD2B50FA4C45BAE4E8E93E69DCBA91FDE6778E51B8DBF32062FDB2FADA2E43AA58B453DCA330488BB93A44A81BB5003272E361C7CA24CD48524AE3837854E91C3CFA12B114E0288A5AFCEC1A29782453A2B30EE9622558B46A61651BFAA68D950A7D26C2EB28E34B0DA88431E93CD7721F6C4319C397AE8253D4F107D919022A060D3D22C31CA2431323CB5696614DDB5E962B87EDAEFA20EBAD4330CE43953CC001255189F99DF2720EB0E01449A246ACFB2C60806BE17931E3D1FCC5054C0ED2DCC0BFB01D67FB42C2FA29C2E334F76E00C2E76443EE1342749D0A2370D956E560403CCA9B6D7495786E27DF1994814DC6038F48C9C45453889BD41C2D8B951F8541DD2A93BD0D1BEE43C116639914B063D440D93D2840FF6802FE4DBB47AFED7FCD7BCEFED4154B12C52B4A2AEE27D9D8BF421EBB402CC88BA2A9C83671984F89EFE3E2FA38760D53C232B8A285DFBDEF720DEE22A1F937B145EA4D7DB72B32DF19451721F53F1072BCD82ACFF3A6F0B3DE693EB4DF55F31C414F030A3EAC5E475FA611BC5613FEE4F02BF5B0044A5B268BD31ABB52C2BAFCCF54B0FE92A63250404A8455FAF69B945C926C6C08AEB74193C219BB17D2BD017B40E562F5DCC0E18887A2168B49F9C47C13A0F92A285B16B8FFFC5341C26CF3FFD0F8CA3540780BE0000, N'6.1.2-31219')
INSERT [dbo].[__MigrationHistory] ([MigrationId], [ContextKey], [Model], [ProductVersion]) VALUES (N'201502102020089_mig1', N'treatment.Migrations.Configuration', 0x1F8B0800000000000400ED1DD96EE4B8F13D40FE41D05312CCBAED99978D61EF62C69E1918191F3BED99E4CD905B745B888E8EA436EC0DF26579C827E517429DCDAB78EA682F02BFB445B24816AB8A6455B1EABFFFFECFC9CFCF49EC3DA1BC88B2F4D43F3A38F43D94AEB2304AD7A7FEB67CF8E147FFE79F7EFFBB938F61F2EC7DEFEABDABEAE1966971EA3F96E5E678B128568F28098A83245AE559913D9407AB2C590461B6787B78F8E7C5D1D10261103E86E579275FB7691925A8FE07FF7B96A52BB429B7417C9985282EDAEFB8645943F5AE8204159B60854EFD32474199A0B43C68EAFADEFB380AF03896287EF0BD204DB33228F1288FBF156859E659BA5E6EF08720BE7DD9205CEF21880BD48EFE78575D7722876FAB892C760D3B50AB6D51668921C0A3772D66166C732BFCFA3DE630EE3E621C972FD5AC6BFC9DFA6759926C53FCED2C8ED268E57B6C9FC767715ED5E7B17CC0B47DE3F535DEF46481A9A7FA7BE39D6DE3729BA3D3146DCB3C88DF7837DBFB385AFD05BDDC667F47E969BA8D6372A878B0B88CFA803FDDE4D906E5E5CB57F4209EC0C5B9EF2D68300B164E0F0506D1CCF8222DDFBDF5BD2B3CB4E03E463D9D10D85996598E3EA314E54189C29BA02C518E97F9224435A6B9C1305DDF3E0669A0EE500EA41976F5BB8383691C33ABEF5D06CF5F50BA2E1F4F7DFCD3F73E45CF28ECBEB4B0BFE1B6783DABF5DD2275DF57C153B4AEE7CE8CE23C5B615C3463C11CF815C575ADE231DA348C7840D6B8E308EF539E255FB39881C4D6BBBB0DF2352AF144338DCACB6C9BAF0CE67089C26815A548360BBA8E6C1EF29ADC4C14D54DE7529396700675090BBF20472EAEC18D18A8663CD24E6C8811DE17CB700D56E2070DD6148DFB64B1139952414AD2A19114251BCE23426D64E69442B2C190B3943495F2BAE4CB51E558A2AFA34F2DD1D791BD99F8960CFE8E11F0ECA0E972404E339506E0380B5E9B87CB76546CCA6BBAF43F34C70D74A25074858A689DB6C7DBD1FB5AE768FC292D376885EF16D1AF23CDCAF90866C8CA62B903F0FBE09B7EC7E6A2BDBE1D09BCC5B7159CE44C0FCD48D4DCEE44CC1CD2A6EFDE46E0508DA7923967B81A72DEE587392B60A1848202B982F99EE1195D6D937B948F2E74AEEF0B943F4D2447F102779D54BF6FA3C4E5E6A8738072BC04B0224C7D5DD096B90DA988A56D537647CA3A42D672A5FCA189AF627AB9929CEB8C642C8C4146081B6F00DDBD57B11174D5EE08792C182F5F0DDE1E0475DD4EA41D2D981C499B36339D497772CEF850AA2B22073C95365D4EA4E882C8157F5FA110AFC6F463B8C9D103CA514870CC7CFA3EC501CE58F671A74C583CBA1DE33AECD91DE7BAD6FF57D548B9C4F5E8B45BA4B1CF3259317E27BF942F9FA32794BAE1E42A2BC71F6ABF82E4216F82BB2BB1AB8F730A000F3092138395A0A1F5F84652866E3A8F88A1C7602370780853899F5FB6415B6F4E4D31808EBBEEC7B4AAE7C1EC552C03699AB74C6D6FD249DC71163A7EF86C1DD0D0C655743AFC5B1D2BE63D4D900469CBE453B277D7E73C3780BFA268FD589E65691944F57176E49DF8F2F3DDE597E9A769294307B1A95BB1372497403960777D68CCE9265786AAC54CDADFCEADC458F3ABE78F32E09D3E2A3065AF9CEF0BF5C0C73158E9EEBE80FECAD6D9823BAFCA7D32B4F5812DC2C597F6B6F0AEEE8CBEB1D345BCAA92297753A4F58334D1A4B58D6652A511846CAC4BD36682E1196F1223EF4DB6D9C6946DC27557E908D48D88399D1340E44E07C246C3607128AC1ACE7B30AC46E07238ECDA4FE7B750A0B6D1C034ADBDEAB5CDCF68B9EB16F3AC73DDB5CD02F70DA75AD9294DA99388C4F76198A362FC5B44A5C6BBFEF421CACBC78958E27D5164ABA85E75815F0AA780A047FF310D3D1357B86642AC8B1D9E1BE69868837904B739F5FFC46149B39FFE94B3EB8753A0D05D1DF92CDB5DA7E7284625F2DEAF9A37006741B10A427EE5303E43FACBD7DADE93562F15F0BD13EF4DD5CD9367EB285D459B203698100343281C949EF5D590FBCED99273B44169C5DC06CB39D8A8FACE1904ABF079B220885787A6194F2A398D416E552C0D8F4A528A410908DE8CB11C48568C1F1DA2807C2B2D28548C0FD7414C4090B0870C44001AEE323B2A20EC2DFAB255C32B5F5BB01E1E1C1CB11B903EB7F2D668902D24A66982293A578F695855E22A64B544765C0A62468B3D205F1333260531E13C864979B495F46AC661DDAF06E348D67776D25DC88AFEA0B14FB64340ABF29A760781015D492B326BBA801E7796300BBA94F9EF69D0FE1E51293C131D7A913870DBD12CBC88030C67020A56D8B121C2D2356AEF688BF5DFD02762DD079FAFE832A937A5E9AF937ACBFA9A2E94A00D54456DB04194A769F5A15AAF0B01291BB18DC9CE2536A0811B89C29A46EC218D45779203BCEA41B5B64418E8282FC792D6862036319BED4D52AC388E620A1D10636902AF6F90D9893873F716CF692E94903557C11E43DD24C508D13A47837656B37BA41801EE23189CEC1A257BEB76847276D73AFF5015A16791ADFC5B815AB353D12AF0597AA8402F51093A34EC34FC9078E2F60E1A24F3D29483472B17B580C1609400C8C7081C0CE24EA11A47A346100EA4D30BE98E8478CB018F68B77D2BC072FE531C4C769BD6042803A59E6C6B88E727D8C81815BA5B8613E2BB979B9A13A94CC4B2C934D67A05B0DA1A2982D25A7F99E604678B3983F7CA259AE8849060C590A119AD9F1FC7B09C8033349C119079E9C26E58349EB471C83E6787702733D6E89B6B385CE96009B0B2E8E2DD02359207B33C7E346D0786D6036276A4E095204B6D2F18999E048FD604D4A43026E89A13C8D5EF77141929C156002D543B5151B7C3CA8847A4D4D6536BBB900AA3C856F3A70B1E44EF8F242851695B8DF5AD2244117BB40EC2241AD6B1C848F50685C7A089B6CF46DF47CC943B334990A8A9E11B574AC1DEF2301EE55A2533BD9200777A5803D548FAAB61C3BB8007B6806D35544D26CA26929DDA23B08C41E53AA291773ED66956B0EDC9B41D5AFA0E5234EFCEF4B21D0F505328112BC140E7B6D6DFA8FBB29345135AB6FD70B20062D09E5C069B4D94AE8998B4ED176FD904A43DFB61691EAB3569602C688A63EFFF7D4F78670BD68829AD6823449FA2BCA8DEEF06F7F555F42C4C04D538FD0170E5E93A045404FCE27557A2AE61F5BB69AC8A202B50BFB4403EE1B9560DEB6923981578085E15303888835CFDC8F32C8BB749AA6D158061F75A491222A8AA948CB1EEBB7147A506477CE7A19D2C18A4713A2A6E8D38C521BDF65A94A1BA5C199005A51432A709797308D9EC7A992DD5CEBC4FC2808DFE92451F80306725814116DF7AD9F5177CB82523C325F2B0203E05A19111112970648109BC26EA210DAAF9A60F850D6A484263CBF68620A53774039A046F6F1A6429690BEE1FA4B305B587C8BC306078BBD07A9424E9BFCE21E608573C86C6210F3D1816F53884844615E8C3A362E991F0A80283B9D6A154A869D65FF6864F7AF5939BE46E6D1F16A21B6A3905F55061C504D04CE5B7285298908989727DE8821860247041F1DE50994061358C54EE0D510ED2198631CE81716819BF33C691C020139D0C526301A3E53B6F139341D885BB22A1ECBEEA436A425E91509A2F1678E6853053B4377CA256D519300963EF35E710150015418AAF31AA285352F2EA239450E4D57F9DF6AEA59A3F15F6498402AAC2DE11E140E4E74078E6240761DA6E01F983015DA20F918B204402E50A0D46DA440AA286D87C1A93A9E63A4540DA67939343ED7762715A10B71B5B0F487A9C51FBB2C4134D312A9EA889CF7BB3D63B2B81DBC5A47312B2B899804DA7592C3A4C8B089EA9102263B1503707E2FBDE1000EDB535C84E541F66ED77237173D51ED2054211ED22E2202B52A220C39CB007F5BE606F16B1F596735ABDC6B1CE7CD98076524D12BB50409414259C0135523CFB9BB27D1F6F8404D27F34D365F5F1445895565F303DEDD1F65E40F1C07B9EE8A817F856DA3ADECA960D5D48F51F530D7077613B133BAF13A3759908E8CE3FA026443A587C8A0EA3FAA1C645510525EAC3D9386188752A30A643D8714763DFE21B99DDD4052BA8F2F4D15C40830B2EF7D8CC98EA54BE448663B6D54EB8939F0E76D414C779B3B0557AB9DB7EE9FFEFBD595A4F12759A65CEB5A4A9E27B180F4F5158B9952C5F8A122507558583E53F628CBF4A28F6152E83347A4045D9442DF3DF1E1EFEC8E46ADE9FBCC98BA208A9A06AEAE4C9F4DACD9EBE38AA50AF8CBB66136895E9837B78749186E8F9D4FF67DDE6D8BBF8DB5DDBEC8D779D633A38F60EBD7F0D90E7387D0AF2D56390FF21099EFFA8806797C9D56249DD72748CB2686C5634DD55EBDAB92D9B943E3546C10130188E6936518BF51E2EB1E7886BAFC53596F93A1DE19139399D4089F36E1A80B4480969412F9263AD556AC651A886CDC65877F29AA40E979F4CBBF7AEA153F78278A54EB42D48EFE8C67644769F10FF2EB55238CA25BBE806E524E9F525BF032F0B7D4FA64F9F378EECE733E6991C9924E2E786CD82E70617CC6C37CA094FE1F4F16A8F79D0E6A0733EDF3575927B3B8793218414919BCD09109B7FCD663723B3AF390D4698616D8C538A4C1F34772EB051E89F4D5D63B3CCB3DE5660FC099287D9CC4EAC74329BA008C608FBB28B6C1E36B1D528B42ACA65E5B68702F9A99C64159583CA6D78E6CC69989BC9E62A36509EA4710E6F5C5618ED2B4CDFD249F6703995C6D8A4C40E1673E4DC19751107D3BFF0A974066424D8C961CEBC3123A9C5B854316390B7C0FF60DAD42CA3206F68EDC660DCC1645571569130995306A09081B2A3081D1966082A2B0E073575FE08F53B720BCB9B679BDEE455859DB5C8633277CA9279680C7C97AC6F111A97A2F625C2FC14324C11B79808CE240AA7F89B9542B277CACABEF55CC4A61049C6C95A664CCD320FA9C14F6D0DAC142392D6AB49B432F78E3613F94CBC971912CF9E6C6436A95266C8522209F1E79A9FC52D01CABC794E7EDB694DF6EFFEC706962606649A51E5959EBE944FADF7F716689D7C64C82C2373518E91C490BD251E975674DDE9A7D8222D72B2CC967BC541540E996D65B2AC2A3682F075E5519933738A262D0F9C2865CAD428FAD4BA279950D880A7ECD2B50FA4C45BAE4E8E93E69DCBA91FDE6778E51B8DBF32062FDB2FADA2E43AA58B453DCA330488BB93A44A81BB5003272E361C7CA24CD48524AE3837854E91C3CFA12B114E0288A5AFCEC1A29782453A2B30EE9622558B46A61651BFAA68D950A7D26C2EB28E34B0DA88431E93CD7721F6C4319C397AE8253D4F107D919022A060D3D22C31CA2431323CB5696614DDB5E962B87EDAEFA20EBAD4330CE43953CC001255189F99DF2720EB0E01449A246ACFB2C60806BE17931E3D1FCC5054C0ED2DCC0BFB01D67FB42C2FA29C2E334F76E00C2E76443EE1342749D0A2370D956E560403CCA9B6D7495786E27DF1994814DC6038F48C9C45453889BD41C2D8B951F8541DD2A93BD0D1BEE43C116639914B063D440D93D2840FF6802FE4DBB47AFED7FCD7BCEFED4154B12C52B4A2AEE27D9D8BF421EBB402CC88BA2A9C83671984F89EFE3E2FA38760D53C232B8A285DFBDEF720DEE22A1F937B145EA4D7DB72B32DF19451721F53F1072BCD82ACFF3A6F0B3DE693EB4DF55F31C414F030A3EAC5E475FA611BC5613FEE4F02BF5B0044A5B268BD31ABB52C2BAFCCF54B0FE92A63250404A8455FAF69B945C926C6C08AEB74193C219BB17D2BD017B40E562F5DCC0E18887A2168B49F9C47C13A0F92A285B16B8FFFC5341C26CF3FFD0F8CA3540780BE0000, N'6.1.2-31219')
/****** Object:  Table [dbo].[Thanas]    Script Date: 02/11/2015 02:47:07 ******/
SET ANSI_NULLS ON
GO
SET QUOTED_IDENTIFIER ON
GO
CREATE TABLE [dbo].[Thanas](
	[ThanaID] [int] IDENTITY(1,1) NOT NULL,
	[DistrictID] [int] NOT NULL,
	[ThanaName] [nvarchar](max) NULL,
 CONSTRAINT [PK_dbo.Thanas] PRIMARY KEY CLUSTERED 
(
	[ThanaID] ASC
)WITH (PAD_INDEX  = OFF, STATISTICS_NORECOMPUTE  = OFF, IGNORE_DUP_KEY = OFF, ALLOW_ROW_LOCKS  = ON, ALLOW_PAGE_LOCKS  = ON) ON [PRIMARY]
) ON [PRIMARY]
GO
SET IDENTITY_INSERT [dbo].[Thanas] ON
INSERT [dbo].[Thanas] ([ThanaID], [DistrictID], [ThanaName]) VALUES (1, 1, N'Kafrul')
INSERT [dbo].[Thanas] ([ThanaID], [DistrictID], [ThanaName]) VALUES (2, 2, N'Sadar')
INSERT [dbo].[Thanas] ([ThanaID], [DistrictID], [ThanaName]) VALUES (3, 1, N'Cantonment')
INSERT [dbo].[Thanas] ([ThanaID], [DistrictID], [ThanaName]) VALUES (4, 1, N'Savar')
INSERT [dbo].[Thanas] ([ThanaID], [DistrictID], [ThanaName]) VALUES (5, 3, N'Rajshahi1')
SET IDENTITY_INSERT [dbo].[Thanas] OFF
/****** Object:  Table [dbo].[CommunityClinics]    Script Date: 02/11/2015 02:47:07 ******/
SET ANSI_NULLS ON
GO
SET QUOTED_IDENTIFIER ON
GO
CREATE TABLE [dbo].[CommunityClinics](
	[CommunityClinicID] [int] IDENTITY(1,1) NOT NULL,
	[ThanaID] [int] NOT NULL,
	[ClinicName] [nvarchar](max) NOT NULL,
 CONSTRAINT [PK_dbo.CommunityClinics] PRIMARY KEY CLUSTERED 
(
	[CommunityClinicID] ASC
)WITH (PAD_INDEX  = OFF, STATISTICS_NORECOMPUTE  = OFF, IGNORE_DUP_KEY = OFF, ALLOW_ROW_LOCKS  = ON, ALLOW_PAGE_LOCKS  = ON) ON [PRIMARY]
) ON [PRIMARY]
GO
SET IDENTITY_INSERT [dbo].[CommunityClinics] ON
INSERT [dbo].[CommunityClinics] ([CommunityClinicID], [ThanaID], [ClinicName]) VALUES (2, 1, N'Dhaka-1')
INSERT [dbo].[CommunityClinics] ([CommunityClinicID], [ThanaID], [ClinicName]) VALUES (3, 2, N'BBB')
INSERT [dbo].[CommunityClinics] ([CommunityClinicID], [ThanaID], [ClinicName]) VALUES (4, 1, N'kafrul1')
INSERT [dbo].[CommunityClinics] ([CommunityClinicID], [ThanaID], [ClinicName]) VALUES (5, 2, N'dd')
INSERT [dbo].[CommunityClinics] ([CommunityClinicID], [ThanaID], [ClinicName]) VALUES (6, 3, N'cantt01')
INSERT [dbo].[CommunityClinics] ([CommunityClinicID], [ThanaID], [ClinicName]) VALUES (7, 5, N'Raj01')
INSERT [dbo].[CommunityClinics] ([CommunityClinicID], [ThanaID], [ClinicName]) VALUES (8, 1, N'kafrul1')
SET IDENTITY_INSERT [dbo].[CommunityClinics] OFF
/****** Object:  Table [dbo].[MedicineClinics]    Script Date: 02/11/2015 02:47:07 ******/
SET ANSI_NULLS ON
GO
SET QUOTED_IDENTIFIER ON
GO
CREATE TABLE [dbo].[MedicineClinics](
	[MedicineClinicID] [int] IDENTITY(1,1) NOT NULL,
	[Quantity] [int] NOT NULL,
	[CommunityClinicID] [int] NOT NULL,
	[Medicine_MedicineID] [int] NOT NULL,
	[Medicine_MedicineID1] [int] NULL,
 CONSTRAINT [PK_dbo.MedicineClinics] PRIMARY KEY CLUSTERED 
(
	[MedicineClinicID] ASC
)WITH (PAD_INDEX  = OFF, STATISTICS_NORECOMPUTE  = OFF, IGNORE_DUP_KEY = OFF, ALLOW_ROW_LOCKS  = ON, ALLOW_PAGE_LOCKS  = ON) ON [PRIMARY]
) ON [PRIMARY]
GO
SET IDENTITY_INSERT [dbo].[MedicineClinics] ON
INSERT [dbo].[MedicineClinics] ([MedicineClinicID], [Quantity], [CommunityClinicID], [Medicine_MedicineID], [Medicine_MedicineID1]) VALUES (1, 50, 2, 1, NULL)
INSERT [dbo].[MedicineClinics] ([MedicineClinicID], [Quantity], [CommunityClinicID], [Medicine_MedicineID], [Medicine_MedicineID1]) VALUES (2, 50, 2, 1, NULL)
INSERT [dbo].[MedicineClinics] ([MedicineClinicID], [Quantity], [CommunityClinicID], [Medicine_MedicineID], [Medicine_MedicineID1]) VALUES (3, 50, 2, 1, NULL)
INSERT [dbo].[MedicineClinics] ([MedicineClinicID], [Quantity], [CommunityClinicID], [Medicine_MedicineID], [Medicine_MedicineID1]) VALUES (4, 50, 2, 2, NULL)
INSERT [dbo].[MedicineClinics] ([MedicineClinicID], [Quantity], [CommunityClinicID], [Medicine_MedicineID], [Medicine_MedicineID1]) VALUES (5, 60, 3, 1, NULL)
INSERT [dbo].[MedicineClinics] ([MedicineClinicID], [Quantity], [CommunityClinicID], [Medicine_MedicineID], [Medicine_MedicineID1]) VALUES (6, 70, 8, 3, NULL)
INSERT [dbo].[MedicineClinics] ([MedicineClinicID], [Quantity], [CommunityClinicID], [Medicine_MedicineID], [Medicine_MedicineID1]) VALUES (7, 10, 4, 4, NULL)
INSERT [dbo].[MedicineClinics] ([MedicineClinicID], [Quantity], [CommunityClinicID], [Medicine_MedicineID], [Medicine_MedicineID1]) VALUES (8, 20, 4, 1, NULL)
INSERT [dbo].[MedicineClinics] ([MedicineClinicID], [Quantity], [CommunityClinicID], [Medicine_MedicineID], [Medicine_MedicineID1]) VALUES (9, 10, 8, 1, NULL)
INSERT [dbo].[MedicineClinics] ([MedicineClinicID], [Quantity], [CommunityClinicID], [Medicine_MedicineID], [Medicine_MedicineID1]) VALUES (10, 140, 5, 3, NULL)
INSERT [dbo].[MedicineClinics] ([MedicineClinicID], [Quantity], [CommunityClinicID], [Medicine_MedicineID], [Medicine_MedicineID1]) VALUES (11, 66, 2, 2, NULL)
INSERT [dbo].[MedicineClinics] ([MedicineClinicID], [Quantity], [CommunityClinicID], [Medicine_MedicineID], [Medicine_MedicineID1]) VALUES (12, 7, 6, 2, NULL)
SET IDENTITY_INSERT [dbo].[MedicineClinics] OFF
/****** Object:  Table [dbo].[DoctorClinics]    Script Date: 02/11/2015 02:47:07 ******/
SET ANSI_NULLS ON
GO
SET QUOTED_IDENTIFIER ON
GO
CREATE TABLE [dbo].[DoctorClinics](
	[ID] [int] IDENTITY(1,1) NOT NULL,
	[DoctorID] [int] NOT NULL,
	[CommunityClinicID] [int] NOT NULL,
 CONSTRAINT [PK_dbo.DoctorClinics] PRIMARY KEY CLUSTERED 
(
	[ID] ASC
)WITH (PAD_INDEX  = OFF, STATISTICS_NORECOMPUTE  = OFF, IGNORE_DUP_KEY = OFF, ALLOW_ROW_LOCKS  = ON, ALLOW_PAGE_LOCKS  = ON) ON [PRIMARY]
) ON [PRIMARY]
GO
/****** Object:  Table [dbo].[Treatments]    Script Date: 02/11/2015 02:47:07 ******/
SET ANSI_NULLS ON
GO
SET QUOTED_IDENTIFIER ON
GO
CREATE TABLE [dbo].[Treatments](
	[TreatmentID] [int] IDENTITY(1,1) NOT NULL,
	[CenterID] [int] NOT NULL,
	[DoctorID] [int] NOT NULL,
	[DeseaseID] [int] NOT NULL,
	[VoterNumber] [nvarchar](max) NULL,
	[Observation] [nvarchar](max) NULL,
	[Date] [datetime] NOT NULL,
	[CommunityClinic_CommunityClinicID] [int] NULL,
 CONSTRAINT [PK_dbo.Treatments] PRIMARY KEY CLUSTERED 
(
	[TreatmentID] ASC
)WITH (PAD_INDEX  = OFF, STATISTICS_NORECOMPUTE  = OFF, IGNORE_DUP_KEY = OFF, ALLOW_ROW_LOCKS  = ON, ALLOW_PAGE_LOCKS  = ON) ON [PRIMARY]
) ON [PRIMARY]
GO
SET IDENTITY_INSERT [dbo].[Treatments] ON
INSERT [dbo].[Treatments] ([TreatmentID], [CenterID], [DoctorID], [DeseaseID], [VoterNumber], [Observation], [Date], [CommunityClinic_CommunityClinicID]) VALUES (2, 2, 2, 1, N'5644309456813', N'Fever', CAST(0x0000A0BF00000000 AS DateTime), NULL)
INSERT [dbo].[Treatments] ([TreatmentID], [CenterID], [DoctorID], [DeseaseID], [VoterNumber], [Observation], [Date], [CommunityClinic_CommunityClinicID]) VALUES (3, 3, 1, 1, N'9509623450915', N'Cold', CAST(0x0000A0DD00000000 AS DateTime), NULL)
INSERT [dbo].[Treatments] ([TreatmentID], [CenterID], [DoctorID], [DeseaseID], [VoterNumber], [Observation], [Date], [CommunityClinic_CommunityClinicID]) VALUES (4, 2, 2, 2, N'1098789543218', N'Malnutrition', CAST(0x0000A0E100000000 AS DateTime), NULL)
INSERT [dbo].[Treatments] ([TreatmentID], [CenterID], [DoctorID], [DeseaseID], [VoterNumber], [Observation], [Date], [CommunityClinic_CommunityClinicID]) VALUES (5, 3, 2, 2, N'1098789543218', N'Chest Pain', CAST(0x0000A0E200000000 AS DateTime), NULL)
SET IDENTITY_INSERT [dbo].[Treatments] OFF
/****** Object:  Table [dbo].[TreatmentMedicines]    Script Date: 02/11/2015 02:47:07 ******/
SET ANSI_NULLS ON
GO
SET QUOTED_IDENTIFIER ON
GO
CREATE TABLE [dbo].[TreatmentMedicines](
	[ID] [int] IDENTITY(1,1) NOT NULL,
	[TreatmentID] [int] NOT NULL,
	[Medicine] [nvarchar](max) NULL,
	[Dose] [nvarchar](max) NULL,
	[QtyGiven] [int] NOT NULL,
	[Note] [nvarchar](max) NULL,
	[TreatmentDate] [nvarchar](max) NULL,
 CONSTRAINT [PK_dbo.TreatmentMedicines] PRIMARY KEY CLUSTERED 
(
	[ID] ASC
)WITH (PAD_INDEX  = OFF, STATISTICS_NORECOMPUTE  = OFF, IGNORE_DUP_KEY = OFF, ALLOW_ROW_LOCKS  = ON, ALLOW_PAGE_LOCKS  = ON) ON [PRIMARY]
) ON [PRIMARY]
GO
/****** Object:  Default [DF__Districts__Popul__2B3F6F97]    Script Date: 02/11/2015 02:47:07 ******/
ALTER TABLE [dbo].[Districts] ADD  DEFAULT ((0)) FOR [Population]
GO
/****** Object:  ForeignKey [FK_dbo.CommunityClinics_dbo.Thanas_ThanaID]    Script Date: 02/11/2015 02:47:07 ******/
ALTER TABLE [dbo].[CommunityClinics]  WITH CHECK ADD  CONSTRAINT [FK_dbo.CommunityClinics_dbo.Thanas_ThanaID] FOREIGN KEY([ThanaID])
REFERENCES [dbo].[Thanas] ([ThanaID])
ON DELETE CASCADE
GO
ALTER TABLE [dbo].[CommunityClinics] CHECK CONSTRAINT [FK_dbo.CommunityClinics_dbo.Thanas_ThanaID]
GO
/****** Object:  ForeignKey [FK_dbo.DoctorClinics_dbo.CommunityClinics_CommunityClinicID]    Script Date: 02/11/2015 02:47:07 ******/
ALTER TABLE [dbo].[DoctorClinics]  WITH CHECK ADD  CONSTRAINT [FK_dbo.DoctorClinics_dbo.CommunityClinics_CommunityClinicID] FOREIGN KEY([CommunityClinicID])
REFERENCES [dbo].[CommunityClinics] ([CommunityClinicID])
ON DELETE CASCADE
GO
ALTER TABLE [dbo].[DoctorClinics] CHECK CONSTRAINT [FK_dbo.DoctorClinics_dbo.CommunityClinics_CommunityClinicID]
GO
/****** Object:  ForeignKey [FK_dbo.DoctorClinics_dbo.Doctors_DoctorID]    Script Date: 02/11/2015 02:47:07 ******/
ALTER TABLE [dbo].[DoctorClinics]  WITH CHECK ADD  CONSTRAINT [FK_dbo.DoctorClinics_dbo.Doctors_DoctorID] FOREIGN KEY([DoctorID])
REFERENCES [dbo].[Doctors] ([DoctorID])
ON DELETE CASCADE
GO
ALTER TABLE [dbo].[DoctorClinics] CHECK CONSTRAINT [FK_dbo.DoctorClinics_dbo.Doctors_DoctorID]
GO
/****** Object:  ForeignKey [FK_dbo.MedicineClinics_dbo.CommunityClinics_CommunityClinicID]    Script Date: 02/11/2015 02:47:07 ******/
ALTER TABLE [dbo].[MedicineClinics]  WITH CHECK ADD  CONSTRAINT [FK_dbo.MedicineClinics_dbo.CommunityClinics_CommunityClinicID] FOREIGN KEY([CommunityClinicID])
REFERENCES [dbo].[CommunityClinics] ([CommunityClinicID])
ON DELETE CASCADE
GO
ALTER TABLE [dbo].[MedicineClinics] CHECK CONSTRAINT [FK_dbo.MedicineClinics_dbo.CommunityClinics_CommunityClinicID]
GO
/****** Object:  ForeignKey [FK_dbo.MedicineClinics_dbo.Medicines_Medicine_MedicineID1]    Script Date: 02/11/2015 02:47:07 ******/
ALTER TABLE [dbo].[MedicineClinics]  WITH CHECK ADD  CONSTRAINT [FK_dbo.MedicineClinics_dbo.Medicines_Medicine_MedicineID1] FOREIGN KEY([Medicine_MedicineID1])
REFERENCES [dbo].[Medicines] ([MedicineID])
GO
ALTER TABLE [dbo].[MedicineClinics] CHECK CONSTRAINT [FK_dbo.MedicineClinics_dbo.Medicines_Medicine_MedicineID1]
GO
/****** Object:  ForeignKey [FK_dbo.Thanas_dbo.Districts_DistrictID]    Script Date: 02/11/2015 02:47:07 ******/
ALTER TABLE [dbo].[Thanas]  WITH CHECK ADD  CONSTRAINT [FK_dbo.Thanas_dbo.Districts_DistrictID] FOREIGN KEY([DistrictID])
REFERENCES [dbo].[Districts] ([DistrictID])
ON DELETE CASCADE
GO
ALTER TABLE [dbo].[Thanas] CHECK CONSTRAINT [FK_dbo.Thanas_dbo.Districts_DistrictID]
GO
/****** Object:  ForeignKey [FK_dbo.TreatmentMedicines_dbo.Treatments_TreatmentID]    Script Date: 02/11/2015 02:47:07 ******/
ALTER TABLE [dbo].[TreatmentMedicines]  WITH CHECK ADD  CONSTRAINT [FK_dbo.TreatmentMedicines_dbo.Treatments_TreatmentID] FOREIGN KEY([TreatmentID])
REFERENCES [dbo].[Treatments] ([TreatmentID])
ON DELETE CASCADE
GO
ALTER TABLE [dbo].[TreatmentMedicines] CHECK CONSTRAINT [FK_dbo.TreatmentMedicines_dbo.Treatments_TreatmentID]
GO
/****** Object:  ForeignKey [FK_dbo.Treatments_dbo.CommunityClinics_CommunityClinic_CommunityClinicID]    Script Date: 02/11/2015 02:47:07 ******/
ALTER TABLE [dbo].[Treatments]  WITH CHECK ADD  CONSTRAINT [FK_dbo.Treatments_dbo.CommunityClinics_CommunityClinic_CommunityClinicID] FOREIGN KEY([CommunityClinic_CommunityClinicID])
REFERENCES [dbo].[CommunityClinics] ([CommunityClinicID])
GO
ALTER TABLE [dbo].[Treatments] CHECK CONSTRAINT [FK_dbo.Treatments_dbo.CommunityClinics_CommunityClinic_CommunityClinicID]
GO
/****** Object:  ForeignKey [FK_dbo.Treatments_dbo.Deseases_DeseaseID]    Script Date: 02/11/2015 02:47:07 ******/
ALTER TABLE [dbo].[Treatments]  WITH CHECK ADD  CONSTRAINT [FK_dbo.Treatments_dbo.Deseases_DeseaseID] FOREIGN KEY([DeseaseID])
REFERENCES [dbo].[Deseases] ([DeseaseID])
ON DELETE CASCADE
GO
ALTER TABLE [dbo].[Treatments] CHECK CONSTRAINT [FK_dbo.Treatments_dbo.Deseases_DeseaseID]
GO
/****** Object:  ForeignKey [FK_dbo.Treatments_dbo.Doctors_DoctorID]    Script Date: 02/11/2015 02:47:07 ******/
ALTER TABLE [dbo].[Treatments]  WITH CHECK ADD  CONSTRAINT [FK_dbo.Treatments_dbo.Doctors_DoctorID] FOREIGN KEY([DoctorID])
REFERENCES [dbo].[Doctors] ([DoctorID])
ON DELETE CASCADE
GO
ALTER TABLE [dbo].[Treatments] CHECK CONSTRAINT [FK_dbo.Treatments_dbo.Doctors_DoctorID]
GO
